-- phpMyAdmin SQL Dump
-- version 3.3.9.2
-- http://www.phpmyadmin.net
--
-- Host: localhost
-- Generation Time: Jan 19, 2013 at 08:31 PM
-- Server version: 5.1.58
-- PHP Version: 5.2.17

SET SQL_MODE="NO_AUTO_VALUE_ON_ZERO";


/*!40101 SET @OLD_CHARACTER_SET_CLIENT=@@CHARACTER_SET_CLIENT */;
/*!40101 SET @OLD_CHARACTER_SET_RESULTS=@@CHARACTER_SET_RESULTS */;
/*!40101 SET @OLD_COLLATION_CONNECTION=@@COLLATION_CONNECTION */;
/*!40101 SET NAMES utf8 */;

--
-- Database: `eaccent_main`
--

-- --------------------------------------------------------

--
-- Table structure for table `comment`
--

CREATE TABLE `comment` (
  `id` int(10) unsigned NOT NULL AUTO_INCREMENT,
  `name` varchar(255) NOT NULL,
  `body` text NOT NULL,
  `img` varchar(255) DEFAULT NULL,
  PRIMARY KEY (`id`)
) ENGINE=MyISAM  DEFAULT CHARSET=utf8 AUTO_INCREMENT=6 ;

--
-- Dumping data for table `comment`
--

INSERT INTO `comment` (`id`, `name`, `body`, `img`) VALUES
(1, 'Anton Cherepanov', 'Очень хороший центр! Всем доволен :)', 'php-dummies.jpg'),
(2, 'Антошка Черепанов', 'Второй коммент', '40-2.jpg'),
(3, 'Екатерина Лудская', 'Просто замечательный сервис!!!', '34-2.gif'),
(4, 'Никонов Леонид', 'Благодаря вашему сервису я очень подтянул свой английский!', '1.png'),
(5, 'Сажина Анна', 'Мне очень нравится ваша школа, спасибо вам огромное!!!', 'Мое фото 2.png');

-- --------------------------------------------------------

--
-- Table structure for table `gallery`
--

CREATE TABLE `gallery` (
  `id` int(11) NOT NULL AUTO_INCREMENT,
  `date` date DEFAULT NULL,
  `name` varchar(255) DEFAULT NULL,
  PRIMARY KEY (`id`)
) ENGINE=MyISAM  DEFAULT CHARSET=utf8 AUTO_INCREMENT=12 ;

--
-- Dumping data for table `gallery`
--

INSERT INTO `gallery` (`id`, `date`, `name`) VALUES
(1, '2010-10-31', 'Halloween 2010'),
(2, '2011-01-01', 'Лето в Лоо 2011'),
(3, '2011-01-01', 'Лето в Великобритании 2011'),
(4, '2011-01-01', 'New Year 2011'),
(5, '2011-01-01', 'Зимний лагерь 2011'),
(6, '2012-01-01', 'Экзамены City&Guilds'),
(7, '2012-01-01', 'Лагерь в Турции 2012'),
(8, '2012-01-01', 'Лето в Америке  2012'),
(9, '2012-01-01', 'Halloween 2012'),
(10, '2012-01-01', 'Зимний лагерь 2012'),
(11, '2013-01-01', 'Зимний лагерь 2013');

-- --------------------------------------------------------

--
-- Table structure for table `gallery_photo`
--

CREATE TABLE `gallery_photo` (
  `id` int(11) NOT NULL AUTO_INCREMENT,
  `gallery_id` int(11) NOT NULL,
  `file_name` varchar(128) NOT NULL DEFAULT '',
  PRIMARY KEY (`id`),
  KEY `fk_gallery_photo_gallery1` (`gallery_id`)
) ENGINE=MyISAM  DEFAULT CHARSET=utf8 AUTO_INCREMENT=98 ;

--
-- Dumping data for table `gallery_photo`
--

INSERT INTO `gallery_photo` (`id`, `gallery_id`, `file_name`) VALUES
(1, 1, 'IMG_3232.JPG'),
(2, 1, 'IMG_3238.JPG'),
(3, 1, 'IMG_3248.JPG'),
(4, 1, 'IMG_3284.JPG'),
(5, 1, 'IMG_3325.JPG'),
(6, 1, 'IMG_3333.JPG'),
(7, 1, 'IMG_3348.JPG'),
(8, 1, 'IMG_3359.JPG'),
(9, 2, 'IMG_3944.JPG'),
(10, 2, 'IMG_3948.JPG'),
(11, 2, 'IMG_3951.JPG'),
(12, 2, 'IMG_3954.JPG'),
(13, 2, 'IMG_3995.JPG'),
(14, 2, 'IMG_4007.JPG'),
(15, 2, 'IMG_4018.JPG'),
(16, 2, 'IMG_4033.JPG'),
(17, 2, 'IMG_4039.JPG'),
(18, 2, 'IMG_4078.JPG'),
(19, 2, 'IMG_4086.JPG'),
(20, 2, 'IMG_4087.JPG'),
(21, 3, 'IMG_4268.JPG'),
(22, 3, 'IMG_4271.JPG'),
(23, 3, 'IMG_4289.JPG'),
(24, 3, 'IMG_4380.JPG'),
(25, 3, 'IMG_4383.JPG'),
(26, 3, 'IMG_4446.JPG'),
(27, 4, 'IMG_3399.JPG'),
(28, 4, 'IMG_3411.JPG'),
(29, 4, 'IMG_3412.JPG'),
(30, 4, 'IMG_3420.JPG'),
(31, 4, 'IMG_3427.JPG'),
(32, 4, 'IMG_3433.JPG'),
(33, 4, 'IMG_3446.JPG'),
(34, 5, '12 029.JPG'),
(35, 5, '12 049.JPG'),
(36, 5, '12 052.JPG'),
(37, 5, '12 079.JPG'),
(38, 5, '12 089.JPG'),
(39, 5, '12 117.JPG'),
(40, 5, '12 126.JPG'),
(41, 5, '12 139.JPG'),
(42, 5, '12 165.JPG'),
(43, 5, '12 172.JPG'),
(44, 6, 'IMG_4904.JPG'),
(45, 6, 'IMG_4910.JPG'),
(46, 7, 'Обучение в Америке 273.JPG'),
(47, 7, 'Обучение в Америке 289.JPG'),
(48, 7, 'P6202980.JPG'),
(49, 7, 'Обучение в Америке 036.JPG'),
(50, 7, 'Обучение в Америке 078.JPG'),
(51, 7, 'Обучение в Америке 114.JPG'),
(52, 7, 'Обучение в Америке 133.JPG'),
(53, 7, 'Обучение в Америке 151.JPG'),
(54, 7, 'Обучение в Америке 229.JPG'),
(55, 7, 'Обучение в Америке 266.JPG'),
(56, 8, 'Обучение в Америке 292.JPG'),
(57, 8, 'Обучение в Америке 354.JPG'),
(58, 8, 'Обучение в Америке 363.JPG'),
(59, 8, 'Обучение в Америке 407.JPG'),
(60, 8, 'Обучение в Америке 377.JPG'),
(61, 8, 'Обучение в Америке 428.JPG'),
(62, 8, 'Обучение в Америке 421.JPG'),
(63, 8, 'Обучение в Америке 437.JPG'),
(64, 8, 'Обучение в Америке 460.JPG'),
(65, 8, 'Обучение в Америке 471.JPG'),
(66, 10, '12 055.JPG'),
(67, 10, '12 056.JPG'),
(68, 10, 'IMG_4688.JPG'),
(69, 10, 'IMG_4706.JPG'),
(70, 10, 'IMG_4742.JPG'),
(71, 10, 'IMG_4751.JPG'),
(72, 10, 'IMG_4796.JPG'),
(73, 10, 'IMG_4803.JPG'),
(74, 10, 'IMG_4829.JPG'),
(75, 10, 'IMG_4892.JPG'),
(76, 9, 'DSCN6117.JPG'),
(77, 9, 'IMG_4955.JPG'),
(78, 9, 'IMG_4968.JPG'),
(79, 9, 'IMG_4988.JPG'),
(80, 9, 'IMG_5059.JPG'),
(81, 9, 'IMG_5065.JPG'),
(82, 9, 'IMG_5083.JPG'),
(83, 9, 'P1020835.JPG'),
(84, 9, 'P1020836.JPG'),
(85, 9, 'P1020895.JPG'),
(86, 11, 'DSC01369.JPG'),
(87, 11, 'DSC01385.JPG'),
(88, 11, 'DSC01396.JPG'),
(89, 11, 'DSC01408.JPG'),
(90, 11, 'DSC01421.JPG'),
(91, 11, 'IMG_5098.JPG'),
(92, 11, 'IMG_5100.JPG'),
(93, 11, 'IMG_5127.JPG'),
(94, 11, 'IMG_5131.JPG'),
(95, 11, 'IMG_5136.JPG'),
(96, 11, 'IMG_5194.JPG'),
(97, 11, 'IMG_5252.JPG');

-- --------------------------------------------------------

--
-- Table structure for table `news`
--

CREATE TABLE `news` (
  `id` int(11) NOT NULL AUTO_INCREMENT,
  `title` varchar(255) NOT NULL,
  `content` text NOT NULL,
  `date` date NOT NULL,
  PRIMARY KEY (`id`)
) ENGINE=MyISAM  DEFAULT CHARSET=utf8 AUTO_INCREMENT=6 ;

--
-- Dumping data for table `news`
--

INSERT INTO `news` (`id`, `title`, `content`, `date`) VALUES
(1, 'Летние курсы в Лондоне', 'English Accent начинает набор на летние курсы в Лондоне. This is Photoshop''s version of Lorem Ipsum. Proin gravida nibh vel velit auctor aliquet. Aenean sollicitudin, lorem quis bibendum auctor, nisi elit consequat ipsum, nec sagittis sem nibh id elit. Duis sed odio sit amet nibh vulputate cursus a sit amet mauris. Morbi accumsan ipsum velit. Nam nec tellus a odio tincidunt auctor a ornare odio.', '2012-12-20');

-- --------------------------------------------------------

--
-- Table structure for table `{{storage}}`
--

CREATE TABLE `{{storage}}` (
  `key` varchar(255) DEFAULT NULL,
  `value` text
) ENGINE=MyISAM DEFAULT CHARSET=utf8;

--
-- Dumping data for table `{{storage}}`
--

INSERT INTO `{{storage}}` (`key`, `value`) VALUES
('c48cbe5282ada0616eb53a4dca9a957f', '"{\\"0\\":1356029490,\\"1\\":\\"\\\\\\/home\\\\\\/e\\\\\\/eaccent\\\\\\/public_html\\\\\\/upload\\\\\\/comment\\\\\\/35-2.jpg\\",\\"resize\\":{\\"width\\":130,\\"height\\":178,\\"master\\":1}}"'),
('c3b013569ad93f3458df95c1ff6d5604', '"{\\"0\\":1356029490,\\"1\\":\\"\\\\\\/home\\\\\\/e\\\\\\/eaccent\\\\\\/public_html\\\\\\/upload\\\\\\/comment\\\\\\/35-2.jpg\\",\\"resize\\":{\\"width\\":128,\\"height\\":178,\\"master\\":1}}"'),
('586585450537421d4f3c0c1fe468e178', '"{\\"0\\":1356029500,\\"1\\":\\"\\\\\\/home\\\\\\/e\\\\\\/eaccent\\\\\\/public_html\\\\\\/upload\\\\\\/comment\\\\\\/40-2.jpg\\",\\"resize\\":{\\"width\\":128,\\"height\\":178,\\"master\\":1}}"'),
('c29cdcacc3c7505dccaf093ad7c6f4c5', '"{\\"0\\":1356029517,\\"1\\":\\"\\\\\\/home\\\\\\/e\\\\\\/eaccent\\\\\\/public_html\\\\\\/upload\\\\\\/comment\\\\\\/34-2.gif\\",\\"resize\\":{\\"width\\":128,\\"height\\":178,\\"master\\":1}}"'),
('8347113a2517445c8249c40fafa319c1', '"{\\"0\\":1356244200,\\"1\\":\\"\\\\\\/home\\\\\\/e\\\\\\/eaccent\\\\\\/public_html\\\\\\/upload\\\\\\/comment\\\\\\/35-2.jpg\\",\\"resize\\":{\\"width\\":130,\\"height\\":178,\\"master\\":1}}"'),
('3b3296308b8c1093510472f9c14d1141', '"{\\"0\\":1356254204,\\"1\\":\\"\\\\\\/home\\\\\\/e\\\\\\/eaccent\\\\\\/public_html\\\\\\/upload\\\\\\/gallery\\\\\\/123.jpg\\",\\"resize\\":{\\"width\\":120,\\"height\\":82,\\"master\\":1}}"'),
('d5ce0460cfe0ebc62fbac9bf35eb832d', '"{\\"0\\":1356254211,\\"1\\":\\"\\\\\\/home\\\\\\/e\\\\\\/eaccent\\\\\\/public_html\\\\\\/upload\\\\\\/gallery\\\\\\/1.png\\",\\"resize\\":{\\"width\\":120,\\"height\\":82,\\"master\\":1}}"'),
('76f2463ae5cafb4968c4990247a12b6e', '"{\\"0\\":1356261515,\\"1\\":\\"\\\\\\/home\\\\\\/e\\\\\\/eaccent\\\\\\/public_html\\\\\\/upload\\\\\\/gallery\\\\\\/127.png\\",\\"resize\\":{\\"width\\":120,\\"height\\":82,\\"master\\":1}}"'),
('dc5418a55a6d2a8d5aa1df7fa4a5904f', '"{\\"0\\":1356261549,\\"1\\":\\"\\\\\\/home\\\\\\/e\\\\\\/eaccent\\\\\\/public_html\\\\\\/upload\\\\\\/gallery\\\\\\/1425.jpg\\",\\"resize\\":{\\"width\\":120,\\"height\\":82,\\"master\\":1}}"'),
('e6af58a9fad7f7d173326559612720a7', '"{\\"0\\":1356261554,\\"1\\":\\"\\\\\\/home\\\\\\/e\\\\\\/eaccent\\\\\\/public_html\\\\\\/upload\\\\\\/gallery\\\\\\/kate_me_500.png\\",\\"resize\\":{\\"width\\":120,\\"height\\":82,\\"master\\":1}}"'),
('d26c4c9f17c495131c0b637ec3c9757f', '"{\\"0\\":1356262937,\\"1\\":\\"\\\\\\/home\\\\\\/e\\\\\\/eaccent\\\\\\/public_html\\\\\\/upload\\\\\\/gallery\\\\\\/2eb7c8ae13c911e283fe22000a1fa511_7.jpg\\",\\"resize\\":{\\"width\\":120,\\"height\\":82,\\"master\\":1}}"'),
('4d59978dc46dba75828a62416f9a53eb', '"{\\"0\\":1356262939,\\"1\\":\\"\\\\\\/home\\\\\\/e\\\\\\/eaccent\\\\\\/public_html\\\\\\/upload\\\\\\/gallery\\\\\\/8f7bb6216450bb6061a1759cd25cb8b2.png\\",\\"resize\\":{\\"width\\":120,\\"height\\":82,\\"master\\":1}}"'),
('66f9668cf4ecf6c0bab2be9e56de3c98', '"{\\"0\\":1356269407,\\"1\\":\\"\\\\\\/home\\\\\\/e\\\\\\/eaccent\\\\\\/public_html\\\\\\/upload\\\\\\/gallery\\\\\\/record.png\\",\\"resize\\":{\\"width\\":120,\\"height\\":82,\\"master\\":1}}"'),
('66447e61ac3553f5147c64345b636e90', '"{\\"0\\":1356269407,\\"1\\":\\"\\\\\\/home\\\\\\/e\\\\\\/eaccent\\\\\\/public_html\\\\\\/upload\\\\\\/gallery\\\\\\/water_fuck_funny_.jpg\\",\\"resize\\":{\\"width\\":120,\\"height\\":82,\\"master\\":1}}"'),
('0929e3967de7bd5edfecfe7551a23133', '"{\\"0\\":1356269407,\\"1\\":\\"\\\\\\/home\\\\\\/e\\\\\\/eaccent\\\\\\/public_html\\\\\\/upload\\\\\\/gallery\\\\\\/17977-2560x1600.jpg\\",\\"resize\\":{\\"width\\":120,\\"height\\":82,\\"master\\":1}}"'),
('c0e068c1dd52cfea26ded87d6363e858', '"{\\"0\\":1356269407,\\"1\\":\\"\\\\\\/home\\\\\\/e\\\\\\/eaccent\\\\\\/public_html\\\\\\/upload\\\\\\/gallery\\\\\\/251359-1920x1200.jpg\\",\\"resize\\":{\\"width\\":120,\\"height\\":82,\\"master\\":1}}"'),
('9528e5b27aa1c62e668fd32d04261d59', '"{\\"0\\":1356269407,\\"1\\":\\"\\\\\\/home\\\\\\/e\\\\\\/eaccent\\\\\\/public_html\\\\\\/upload\\\\\\/gallery\\\\\\/334579-2560x1440.jpg\\",\\"resize\\":{\\"width\\":120,\\"height\\":82,\\"master\\":1}}"'),
('17ffd7f7c944e4b9a9a6b01a8094f5cc', '"{\\"0\\":1356269543,\\"1\\":\\"\\\\\\/home\\\\\\/e\\\\\\/eaccent\\\\\\/public_html\\\\\\/upload\\\\\\/gallery\\\\\\/334579-2560x1440.jpg\\",\\"resize\\":{\\"width\\":120,\\"height\\":82,\\"master\\":1}}"'),
('ec188fea47fbbd7e468480b8e052612d', '"{\\"0\\":1356269543,\\"1\\":\\"\\\\\\/home\\\\\\/e\\\\\\/eaccent\\\\\\/public_html\\\\\\/upload\\\\\\/gallery\\\\\\/251359-1920x1200.jpg\\",\\"resize\\":{\\"width\\":120,\\"height\\":82,\\"master\\":1}}"'),
('6fd00dc9f361cf9e747f139a19b2d026', '"{\\"0\\":1356269543,\\"1\\":\\"\\\\\\/home\\\\\\/e\\\\\\/eaccent\\\\\\/public_html\\\\\\/upload\\\\\\/gallery\\\\\\/17977-2560x1600.jpg\\",\\"resize\\":{\\"width\\":120,\\"height\\":82,\\"master\\":1}}"'),
('783c1518349664c07a042956ce9ac468', '"{\\"0\\":1356269734,\\"1\\":\\"\\\\\\/home\\\\\\/e\\\\\\/eaccent\\\\\\/public_html\\\\\\/upload\\\\\\/gallery\\\\\\/water_fuck_funny_.jpg\\",\\"resize\\":{\\"width\\":120,\\"height\\":82,\\"master\\":1}}"'),
('014e77cce156700bf04be44f8a674576', '"{\\"0\\":1356269734,\\"1\\":\\"\\\\\\/home\\\\\\/e\\\\\\/eaccent\\\\\\/public_html\\\\\\/upload\\\\\\/gallery\\\\\\/record.png\\",\\"resize\\":{\\"width\\":120,\\"height\\":82,\\"master\\":1}}"'),
('eca856d59c0d206662bd1088f4f1757b', '"{\\"0\\":1356269734,\\"1\\":\\"\\\\\\/home\\\\\\/e\\\\\\/eaccent\\\\\\/public_html\\\\\\/upload\\\\\\/gallery\\\\\\/334579-2560x1440.jpg\\",\\"resize\\":{\\"width\\":120,\\"height\\":82,\\"master\\":1}}"'),
('598e7f07f09f24a2ca017f9a2126828c', '"{\\"0\\":1356327310,\\"1\\":\\"\\\\\\/home\\\\\\/e\\\\\\/eaccent\\\\\\/public_html\\\\\\/upload\\\\\\/gallery\\\\\\/Ngjd1yha7Bo2.jpg\\",\\"resize\\":{\\"width\\":120,\\"height\\":82,\\"master\\":1}}"'),
('d3222930802e50897f221dfcf14d1228', '"{\\"0\\":1356327309,\\"1\\":\\"\\\\\\/home\\\\\\/e\\\\\\/eaccent\\\\\\/public_html\\\\\\/upload\\\\\\/gallery\\\\\\/62325492.jpg\\",\\"resize\\":{\\"width\\":120,\\"height\\":82,\\"master\\":1}}"'),
('7f2b5bcb8b04dec5f21cfad0b415b6ce', '"{\\"0\\":1356327310,\\"1\\":\\"\\\\\\/home\\\\\\/e\\\\\\/eaccent\\\\\\/public_html\\\\\\/upload\\\\\\/gallery\\\\\\/2012-03-11 21.39.26.jpg\\",\\"resize\\":{\\"width\\":120,\\"height\\":82,\\"master\\":1}}"'),
('aaf850e4e413a2d6816715977cd9e3e9', '"{\\"0\\":1356327310,\\"1\\":\\"\\\\\\/home\\\\\\/e\\\\\\/eaccent\\\\\\/public_html\\\\\\/upload\\\\\\/gallery\\\\\\/tumblr_m8zma0DEdU1reorcqo1_500.jpg\\",\\"resize\\":{\\"width\\":120,\\"height\\":82,\\"master\\":1}}"'),
('84a907321b8b4ad684b38d47bd7711a9', '"{\\"0\\":1356327310,\\"1\\":\\"\\\\\\/home\\\\\\/e\\\\\\/eaccent\\\\\\/public_html\\\\\\/upload\\\\\\/gallery\\\\\\/DSC_0223.JPG\\",\\"resize\\":{\\"width\\":120,\\"height\\":82,\\"master\\":1}}"'),
('c4c32545782d3f883fe424658df9fc98', '"{\\"0\\":1356327342,\\"1\\":\\"\\\\\\/home\\\\\\/e\\\\\\/eaccent\\\\\\/public_html\\\\\\/upload\\\\\\/gallery\\\\\\/7u0yB5vLJ38.jpg\\",\\"resize\\":{\\"width\\":120,\\"height\\":82,\\"master\\":1}}"'),
('068b66c7e9beef74b6c1900c423e2d90', '"{\\"0\\":1356327342,\\"1\\":\\"\\\\\\/home\\\\\\/e\\\\\\/eaccent\\\\\\/public_html\\\\\\/upload\\\\\\/gallery\\\\\\/BusGXvKlnu8.jpg\\",\\"resize\\":{\\"width\\":120,\\"height\\":82,\\"master\\":1}}"'),
('b0e2aefcc9b717d4d9239e9167ce1327', '"{\\"0\\":1356327342,\\"1\\":\\"\\\\\\/home\\\\\\/e\\\\\\/eaccent\\\\\\/public_html\\\\\\/upload\\\\\\/gallery\\\\\\/-isqVdT-kPI.jpg\\",\\"resize\\":{\\"width\\":120,\\"height\\":82,\\"master\\":1}}"'),
('67d6b0cf47d5ab3e7b99f67cdfe4c985', '"{\\"0\\":1356327342,\\"1\\":\\"\\\\\\/home\\\\\\/e\\\\\\/eaccent\\\\\\/public_html\\\\\\/upload\\\\\\/gallery\\\\\\/m5pNz1LTRjM.jpg\\",\\"resize\\":{\\"width\\":120,\\"height\\":82,\\"master\\":1}}"'),
('fe74264124ff1fed7c252f4b93475e48', '"{\\"0\\":1356327342,\\"1\\":\\"\\\\\\/home\\\\\\/e\\\\\\/eaccent\\\\\\/public_html\\\\\\/upload\\\\\\/gallery\\\\\\/jToGQ0fcNPw.jpg\\",\\"resize\\":{\\"width\\":120,\\"height\\":82,\\"master\\":1}}"'),
('8c92025c461773d4cac58ccb9eacd186', '"{\\"0\\":1356327342,\\"1\\":\\"\\\\\\/home\\\\\\/e\\\\\\/eaccent\\\\\\/public_html\\\\\\/upload\\\\\\/gallery\\\\\\/uY1_ysCyeuc.jpg\\",\\"resize\\":{\\"width\\":120,\\"height\\":82,\\"master\\":1}}"'),
('9acd0cedf9be4874e467ccf94e04bb23', '"{\\"0\\":1356327310,\\"1\\":\\"\\\\\\/home\\\\\\/e\\\\\\/eaccent\\\\\\/public_html\\\\\\/upload\\\\\\/gallery\\\\\\/Ngjd1yha7Bo2.jpg\\",\\"resize\\":{\\"width\\":540,\\"height\\":361,\\"master\\":1}}"'),
('f6f8ee855371ad3909241db4001a44fe', '"{\\"0\\":1356327309,\\"1\\":\\"\\\\\\/home\\\\\\/e\\\\\\/eaccent\\\\\\/public_html\\\\\\/upload\\\\\\/gallery\\\\\\/62325492.jpg\\",\\"resize\\":{\\"width\\":540,\\"height\\":361,\\"master\\":1}}"'),
('790dea76871e68c5f8b300ba10286fdb', '"{\\"0\\":1356327310,\\"1\\":\\"\\\\\\/home\\\\\\/e\\\\\\/eaccent\\\\\\/public_html\\\\\\/upload\\\\\\/gallery\\\\\\/2012-03-11 21.39.26.jpg\\",\\"resize\\":{\\"width\\":540,\\"height\\":361,\\"master\\":1}}"'),
('62ccdca4190ef5dec2bb277d19785679', '"{\\"0\\":1356327310,\\"1\\":\\"\\\\\\/home\\\\\\/e\\\\\\/eaccent\\\\\\/public_html\\\\\\/upload\\\\\\/gallery\\\\\\/tumblr_m8zma0DEdU1reorcqo1_500.jpg\\",\\"resize\\":{\\"width\\":540,\\"height\\":361,\\"master\\":1}}"'),
('cc855e8acf9394fb9028016953db7f18', '"{\\"0\\":1356327310,\\"1\\":\\"\\\\\\/home\\\\\\/e\\\\\\/eaccent\\\\\\/public_html\\\\\\/upload\\\\\\/gallery\\\\\\/DSC_0223.JPG\\",\\"resize\\":{\\"width\\":540,\\"height\\":361,\\"master\\":1}}"'),
('d077cb70a61af25c01ee2cf3e0b23be2', '"{\\"0\\":1356327342,\\"1\\":\\"\\\\\\/home\\\\\\/e\\\\\\/eaccent\\\\\\/public_html\\\\\\/upload\\\\\\/gallery\\\\\\/7u0yB5vLJ38.jpg\\",\\"resize\\":{\\"width\\":540,\\"height\\":361,\\"master\\":1}}"'),
('e4cb75f66f61202a662b1145dd49c7df', '"{\\"0\\":1356327342,\\"1\\":\\"\\\\\\/home\\\\\\/e\\\\\\/eaccent\\\\\\/public_html\\\\\\/upload\\\\\\/gallery\\\\\\/BusGXvKlnu8.jpg\\",\\"resize\\":{\\"width\\":540,\\"height\\":361,\\"master\\":1}}"'),
('f2251532144a4807dd9401869012aed9', '"{\\"0\\":1356327342,\\"1\\":\\"\\\\\\/home\\\\\\/e\\\\\\/eaccent\\\\\\/public_html\\\\\\/upload\\\\\\/gallery\\\\\\/-isqVdT-kPI.jpg\\",\\"resize\\":{\\"width\\":540,\\"height\\":361,\\"master\\":1}}"'),
('e66984d9209c1e048e5200147b4f3f0c', '"{\\"0\\":1356327342,\\"1\\":\\"\\\\\\/home\\\\\\/e\\\\\\/eaccent\\\\\\/public_html\\\\\\/upload\\\\\\/gallery\\\\\\/m5pNz1LTRjM.jpg\\",\\"resize\\":{\\"width\\":540,\\"height\\":361,\\"master\\":1}}"'),
('20f7fe08f5c34a23fd0ead9b07f55b76', '"{\\"0\\":1356327342,\\"1\\":\\"\\\\\\/home\\\\\\/e\\\\\\/eaccent\\\\\\/public_html\\\\\\/upload\\\\\\/gallery\\\\\\/jToGQ0fcNPw.jpg\\",\\"resize\\":{\\"width\\":540,\\"height\\":361,\\"master\\":1}}"'),
('4b2438338a602070088aa693992d46e3', '"{\\"0\\":1356327342,\\"1\\":\\"\\\\\\/home\\\\\\/e\\\\\\/eaccent\\\\\\/public_html\\\\\\/upload\\\\\\/gallery\\\\\\/uY1_ysCyeuc.jpg\\",\\"resize\\":{\\"width\\":540,\\"height\\":361,\\"master\\":1}}"'),
('eaeecb1022f978e4d75390537231d03b', '"{\\"0\\":1356773769,\\"1\\":\\"\\\\\\/home\\\\\\/e\\\\\\/eaccent\\\\\\/public_html\\\\\\/upload\\\\\\/gallery\\\\\\/17977-2560x1600.jpg\\",\\"resize\\":{\\"width\\":540,\\"height\\":361,\\"master\\":1}}"'),
('830464062e8d8accfcfb561eddff9db0', '"{\\"0\\":1356773769,\\"1\\":\\"\\\\\\/home\\\\\\/e\\\\\\/eaccent\\\\\\/public_html\\\\\\/upload\\\\\\/gallery\\\\\\/17977-2560x1600.jpg\\",\\"resize\\":{\\"width\\":120,\\"height\\":82,\\"master\\":1}}"'),
('1f5701b7609c229c62543aa61b4c76cb', '"{\\"0\\":1356773769,\\"1\\":\\"\\\\\\/home\\\\\\/e\\\\\\/eaccent\\\\\\/public_html\\\\\\/upload\\\\\\/gallery\\\\\\/251359-1920x1200.jpg\\",\\"resize\\":{\\"width\\":540,\\"height\\":361,\\"master\\":1}}"'),
('fde0a37456f53dc83686acaccb3be8d1', '"{\\"0\\":1356773769,\\"1\\":\\"\\\\\\/home\\\\\\/e\\\\\\/eaccent\\\\\\/public_html\\\\\\/upload\\\\\\/gallery\\\\\\/251359-1920x1200.jpg\\",\\"resize\\":{\\"width\\":120,\\"height\\":82,\\"master\\":1}}"'),
('009715d06ed0f3560b697d4a70d79972', '"{\\"0\\":1356773769,\\"1\\":\\"\\\\\\/home\\\\\\/e\\\\\\/eaccent\\\\\\/public_html\\\\\\/upload\\\\\\/gallery\\\\\\/334579-2560x1440.jpg\\",\\"resize\\":{\\"width\\":540,\\"height\\":361,\\"master\\":1}}"'),
('32cd70462a8a73f8b2a440c0a9f54a1c', '"{\\"0\\":1356773769,\\"1\\":\\"\\\\\\/home\\\\\\/e\\\\\\/eaccent\\\\\\/public_html\\\\\\/upload\\\\\\/gallery\\\\\\/334579-2560x1440.jpg\\",\\"resize\\":{\\"width\\":120,\\"height\\":82,\\"master\\":1}}"'),
('4a285250764cd57a4b2bcb33b3ff9ba4', '"{\\"0\\":1356773769,\\"1\\":\\"\\\\\\/home\\\\\\/e\\\\\\/eaccent\\\\\\/public_html\\\\\\/upload\\\\\\/gallery\\\\\\/record.png\\",\\"resize\\":{\\"width\\":540,\\"height\\":361,\\"master\\":1}}"'),
('5813be229c93ef2fe96105dc46aa1d65', '"{\\"0\\":1356773769,\\"1\\":\\"\\\\\\/home\\\\\\/e\\\\\\/eaccent\\\\\\/public_html\\\\\\/upload\\\\\\/gallery\\\\\\/record.png\\",\\"resize\\":{\\"width\\":120,\\"height\\":82,\\"master\\":1}}"'),
('1ab1811a00471111da34a050052e2c12', '"{\\"0\\":1356773769,\\"1\\":\\"\\\\\\/home\\\\\\/e\\\\\\/eaccent\\\\\\/public_html\\\\\\/upload\\\\\\/gallery\\\\\\/water_fuck_funny_.jpg\\",\\"resize\\":{\\"width\\":540,\\"height\\":361,\\"master\\":1}}"'),
('f3a707412ee94d84636a39e88438178c', '"{\\"0\\":1356773769,\\"1\\":\\"\\\\\\/home\\\\\\/e\\\\\\/eaccent\\\\\\/public_html\\\\\\/upload\\\\\\/gallery\\\\\\/water_fuck_funny_.jpg\\",\\"resize\\":{\\"width\\":120,\\"height\\":82,\\"master\\":1}}"'),
('a4b431500fba60780ea05a624336949e', '"{\\"0\\":1356325157,\\"1\\":\\"\\\\\\/home\\\\\\/e\\\\\\/eaccent\\\\\\/public_html\\\\\\/upload\\\\\\/comment\\\\\\/php-dummies.jpg\\",\\"resize\\":{\\"width\\":130,\\"height\\":178,\\"master\\":1}}"'),
('c782ca5c4c65df5f7c8d18d5d9981427', '"{\\"0\\":1358173485,\\"1\\":\\"\\\\\\/home\\\\\\/e\\\\\\/eaccent\\\\\\/public_html\\\\\\/upload\\\\\\/gallery\\\\\\/IMG_3232.JPG\\",\\"resize\\":{\\"width\\":540,\\"height\\":361,\\"master\\":1}}"'),
('73cb052ea70ff12495ccc1f2074b48b0', '"{\\"0\\":1358173485,\\"1\\":\\"\\\\\\/home\\\\\\/e\\\\\\/eaccent\\\\\\/public_html\\\\\\/upload\\\\\\/gallery\\\\\\/IMG_3232.JPG\\",\\"resize\\":{\\"width\\":120,\\"height\\":82,\\"master\\":1}}"'),
('6808335c44a1a611fa720131450016c0', '"{\\"0\\":1358173485,\\"1\\":\\"\\\\\\/home\\\\\\/e\\\\\\/eaccent\\\\\\/public_html\\\\\\/upload\\\\\\/gallery\\\\\\/IMG_3238.JPG\\",\\"resize\\":{\\"width\\":540,\\"height\\":361,\\"master\\":1}}"'),
('8f16823eb21ca4ae133ae3e8c8ac81e2', '"{\\"0\\":1358173485,\\"1\\":\\"\\\\\\/home\\\\\\/e\\\\\\/eaccent\\\\\\/public_html\\\\\\/upload\\\\\\/gallery\\\\\\/IMG_3238.JPG\\",\\"resize\\":{\\"width\\":120,\\"height\\":82,\\"master\\":1}}"'),
('6321054786442c281771d115b7d23df9', '"{\\"0\\":1358173485,\\"1\\":\\"\\\\\\/home\\\\\\/e\\\\\\/eaccent\\\\\\/public_html\\\\\\/upload\\\\\\/gallery\\\\\\/IMG_3248.JPG\\",\\"resize\\":{\\"width\\":540,\\"height\\":361,\\"master\\":1}}"'),
('b214287537e8027354871d060128317f', '"{\\"0\\":1358173485,\\"1\\":\\"\\\\\\/home\\\\\\/e\\\\\\/eaccent\\\\\\/public_html\\\\\\/upload\\\\\\/gallery\\\\\\/IMG_3248.JPG\\",\\"resize\\":{\\"width\\":120,\\"height\\":82,\\"master\\":1}}"'),
('bb64dddeb483842168f382d3acf89122', '"{\\"0\\":1358173485,\\"1\\":\\"\\\\\\/home\\\\\\/e\\\\\\/eaccent\\\\\\/public_html\\\\\\/upload\\\\\\/gallery\\\\\\/IMG_3284.JPG\\",\\"resize\\":{\\"width\\":540,\\"height\\":361,\\"master\\":1}}"'),
('176a0bc04d198335a4894a908751b210', '"{\\"0\\":1358173485,\\"1\\":\\"\\\\\\/home\\\\\\/e\\\\\\/eaccent\\\\\\/public_html\\\\\\/upload\\\\\\/gallery\\\\\\/IMG_3284.JPG\\",\\"resize\\":{\\"width\\":120,\\"height\\":82,\\"master\\":1}}"'),
('c2097168c46972a25df0a3bad3136707', '"{\\"0\\":1358173485,\\"1\\":\\"\\\\\\/home\\\\\\/e\\\\\\/eaccent\\\\\\/public_html\\\\\\/upload\\\\\\/gallery\\\\\\/IMG_3325.JPG\\",\\"resize\\":{\\"width\\":540,\\"height\\":361,\\"master\\":1}}"'),
('a5247660f0cb9e9355f06d8b03ce6e71', '"{\\"0\\":1358173485,\\"1\\":\\"\\\\\\/home\\\\\\/e\\\\\\/eaccent\\\\\\/public_html\\\\\\/upload\\\\\\/gallery\\\\\\/IMG_3325.JPG\\",\\"resize\\":{\\"width\\":120,\\"height\\":82,\\"master\\":1}}"'),
('768c451bb6d7b508ba34b29a7b8399ba', '"{\\"0\\":1358173485,\\"1\\":\\"\\\\\\/home\\\\\\/e\\\\\\/eaccent\\\\\\/public_html\\\\\\/upload\\\\\\/gallery\\\\\\/IMG_3333.JPG\\",\\"resize\\":{\\"width\\":540,\\"height\\":361,\\"master\\":1}}"'),
('6cc6be0c9f7ef8f7f1ddc17ae5b23545', '"{\\"0\\":1358173485,\\"1\\":\\"\\\\\\/home\\\\\\/e\\\\\\/eaccent\\\\\\/public_html\\\\\\/upload\\\\\\/gallery\\\\\\/IMG_3333.JPG\\",\\"resize\\":{\\"width\\":120,\\"height\\":82,\\"master\\":1}}"'),
('a9475af0267f719c9b1ac65c5be8b3aa', '"{\\"0\\":1358173485,\\"1\\":\\"\\\\\\/home\\\\\\/e\\\\\\/eaccent\\\\\\/public_html\\\\\\/upload\\\\\\/gallery\\\\\\/IMG_3348.JPG\\",\\"resize\\":{\\"width\\":540,\\"height\\":361,\\"master\\":1}}"'),
('aa6843c1ecd1cfcb321bab0ceb711a99', '"{\\"0\\":1358173485,\\"1\\":\\"\\\\\\/home\\\\\\/e\\\\\\/eaccent\\\\\\/public_html\\\\\\/upload\\\\\\/gallery\\\\\\/IMG_3348.JPG\\",\\"resize\\":{\\"width\\":120,\\"height\\":82,\\"master\\":1}}"'),
('071053ccd4ca1e6dbca3586f535e8945', '"{\\"0\\":1358173485,\\"1\\":\\"\\\\\\/home\\\\\\/e\\\\\\/eaccent\\\\\\/public_html\\\\\\/upload\\\\\\/gallery\\\\\\/IMG_3359.JPG\\",\\"resize\\":{\\"width\\":540,\\"height\\":361,\\"master\\":1}}"'),
('30d6dca2203bb5f6797b516c175f34f2', '"{\\"0\\":1358173485,\\"1\\":\\"\\\\\\/home\\\\\\/e\\\\\\/eaccent\\\\\\/public_html\\\\\\/upload\\\\\\/gallery\\\\\\/IMG_3359.JPG\\",\\"resize\\":{\\"width\\":120,\\"height\\":82,\\"master\\":1}}"'),
('4b82b7d94be9d60b3b3b3ba709017b6a', '"{\\"0\\":1358174080,\\"1\\":\\"\\\\\\/home\\\\\\/e\\\\\\/eaccent\\\\\\/public_html\\\\\\/upload\\\\\\/gallery\\\\\\/IMG_3944.JPG\\",\\"resize\\":{\\"width\\":540,\\"height\\":361,\\"master\\":1}}"'),
('edd451854471c357591c430aab821f19', '"{\\"0\\":1358174080,\\"1\\":\\"\\\\\\/home\\\\\\/e\\\\\\/eaccent\\\\\\/public_html\\\\\\/upload\\\\\\/gallery\\\\\\/IMG_3944.JPG\\",\\"resize\\":{\\"width\\":120,\\"height\\":82,\\"master\\":1}}"'),
('24dea1d38fa51a42be5d3fc7bbf39e36', '"{\\"0\\":1358174080,\\"1\\":\\"\\\\\\/home\\\\\\/e\\\\\\/eaccent\\\\\\/public_html\\\\\\/upload\\\\\\/gallery\\\\\\/IMG_3948.JPG\\",\\"resize\\":{\\"width\\":540,\\"height\\":361,\\"master\\":1}}"'),
('9a2eeec05626db910c5b4d15f555101a', '"{\\"0\\":1358174080,\\"1\\":\\"\\\\\\/home\\\\\\/e\\\\\\/eaccent\\\\\\/public_html\\\\\\/upload\\\\\\/gallery\\\\\\/IMG_3948.JPG\\",\\"resize\\":{\\"width\\":120,\\"height\\":82,\\"master\\":1}}"'),
('69f226c71d5bb7f1a55e1f7f6ec2665d', '"{\\"0\\":1358174080,\\"1\\":\\"\\\\\\/home\\\\\\/e\\\\\\/eaccent\\\\\\/public_html\\\\\\/upload\\\\\\/gallery\\\\\\/IMG_3951.JPG\\",\\"resize\\":{\\"width\\":540,\\"height\\":361,\\"master\\":1}}"'),
('2a0c5ffc12dbe2f542542253bcc8d9bb', '"{\\"0\\":1358174080,\\"1\\":\\"\\\\\\/home\\\\\\/e\\\\\\/eaccent\\\\\\/public_html\\\\\\/upload\\\\\\/gallery\\\\\\/IMG_3951.JPG\\",\\"resize\\":{\\"width\\":120,\\"height\\":82,\\"master\\":1}}"'),
('3ff8e663bedf5996d4fef57db1602080', '"{\\"0\\":1358174080,\\"1\\":\\"\\\\\\/home\\\\\\/e\\\\\\/eaccent\\\\\\/public_html\\\\\\/upload\\\\\\/gallery\\\\\\/IMG_3954.JPG\\",\\"resize\\":{\\"width\\":540,\\"height\\":361,\\"master\\":1}}"'),
('4ece00eccc81e5c52d791e93bc0d42ac', '"{\\"0\\":1358174080,\\"1\\":\\"\\\\\\/home\\\\\\/e\\\\\\/eaccent\\\\\\/public_html\\\\\\/upload\\\\\\/gallery\\\\\\/IMG_3954.JPG\\",\\"resize\\":{\\"width\\":120,\\"height\\":82,\\"master\\":1}}"'),
('3361809b21ea875634f6382cb196e488', '"{\\"0\\":1358174080,\\"1\\":\\"\\\\\\/home\\\\\\/e\\\\\\/eaccent\\\\\\/public_html\\\\\\/upload\\\\\\/gallery\\\\\\/IMG_3995.JPG\\",\\"resize\\":{\\"width\\":540,\\"height\\":361,\\"master\\":1}}"'),
('096296e51dfa3edac1f3c601ce5785c8', '"{\\"0\\":1358174080,\\"1\\":\\"\\\\\\/home\\\\\\/e\\\\\\/eaccent\\\\\\/public_html\\\\\\/upload\\\\\\/gallery\\\\\\/IMG_3995.JPG\\",\\"resize\\":{\\"width\\":120,\\"height\\":82,\\"master\\":1}}"'),
('e2b09ced7528ce23c49e5736d0e16670', '"{\\"0\\":1358174080,\\"1\\":\\"\\\\\\/home\\\\\\/e\\\\\\/eaccent\\\\\\/public_html\\\\\\/upload\\\\\\/gallery\\\\\\/IMG_4007.JPG\\",\\"resize\\":{\\"width\\":540,\\"height\\":361,\\"master\\":1}}"'),
('d2c5d33a79833e0730131e9fc20bf9d0', '"{\\"0\\":1358174080,\\"1\\":\\"\\\\\\/home\\\\\\/e\\\\\\/eaccent\\\\\\/public_html\\\\\\/upload\\\\\\/gallery\\\\\\/IMG_4007.JPG\\",\\"resize\\":{\\"width\\":120,\\"height\\":82,\\"master\\":1}}"'),
('bd3d61c13dd988925d7d4cb2a002ddc5', '"{\\"0\\":1358174080,\\"1\\":\\"\\\\\\/home\\\\\\/e\\\\\\/eaccent\\\\\\/public_html\\\\\\/upload\\\\\\/gallery\\\\\\/IMG_4018.JPG\\",\\"resize\\":{\\"width\\":540,\\"height\\":361,\\"master\\":1}}"'),
('2b9c69e6f3d38a5e9048aca75dea20d3', '"{\\"0\\":1358174080,\\"1\\":\\"\\\\\\/home\\\\\\/e\\\\\\/eaccent\\\\\\/public_html\\\\\\/upload\\\\\\/gallery\\\\\\/IMG_4018.JPG\\",\\"resize\\":{\\"width\\":120,\\"height\\":82,\\"master\\":1}}"'),
('fd02e61171061a9af59358c8f0c294f9', '"{\\"0\\":1358174080,\\"1\\":\\"\\\\\\/home\\\\\\/e\\\\\\/eaccent\\\\\\/public_html\\\\\\/upload\\\\\\/gallery\\\\\\/IMG_4033.JPG\\",\\"resize\\":{\\"width\\":540,\\"height\\":361,\\"master\\":1}}"'),
('830d6e173745907dfe47bb2f3c1c9e4d', '"{\\"0\\":1358174080,\\"1\\":\\"\\\\\\/home\\\\\\/e\\\\\\/eaccent\\\\\\/public_html\\\\\\/upload\\\\\\/gallery\\\\\\/IMG_4033.JPG\\",\\"resize\\":{\\"width\\":120,\\"height\\":82,\\"master\\":1}}"'),
('7bebd0380e1c08e5bdad33ca5b105281', '"{\\"0\\":1358174080,\\"1\\":\\"\\\\\\/home\\\\\\/e\\\\\\/eaccent\\\\\\/public_html\\\\\\/upload\\\\\\/gallery\\\\\\/IMG_4039.JPG\\",\\"resize\\":{\\"width\\":540,\\"height\\":361,\\"master\\":1}}"'),
('59eff527325d59d5a5ceed3594886c65', '"{\\"0\\":1358174080,\\"1\\":\\"\\\\\\/home\\\\\\/e\\\\\\/eaccent\\\\\\/public_html\\\\\\/upload\\\\\\/gallery\\\\\\/IMG_4039.JPG\\",\\"resize\\":{\\"width\\":120,\\"height\\":82,\\"master\\":1}}"'),
('e3bcad8b0c49aba808f80a7274b68371', '"{\\"0\\":1358174080,\\"1\\":\\"\\\\\\/home\\\\\\/e\\\\\\/eaccent\\\\\\/public_html\\\\\\/upload\\\\\\/gallery\\\\\\/IMG_4078.JPG\\",\\"resize\\":{\\"width\\":540,\\"height\\":361,\\"master\\":1}}"'),
('4009e4a05ccba1e32f65b269f4e1b8a0', '"{\\"0\\":1358174080,\\"1\\":\\"\\\\\\/home\\\\\\/e\\\\\\/eaccent\\\\\\/public_html\\\\\\/upload\\\\\\/gallery\\\\\\/IMG_4078.JPG\\",\\"resize\\":{\\"width\\":120,\\"height\\":82,\\"master\\":1}}"'),
('28349a77e16539fde4223c13f599f317', '"{\\"0\\":1358174080,\\"1\\":\\"\\\\\\/home\\\\\\/e\\\\\\/eaccent\\\\\\/public_html\\\\\\/upload\\\\\\/gallery\\\\\\/IMG_4086.JPG\\",\\"resize\\":{\\"width\\":540,\\"height\\":361,\\"master\\":1}}"'),
('eac17ad1d53106e7d32931d537f341a5', '"{\\"0\\":1358174080,\\"1\\":\\"\\\\\\/home\\\\\\/e\\\\\\/eaccent\\\\\\/public_html\\\\\\/upload\\\\\\/gallery\\\\\\/IMG_4086.JPG\\",\\"resize\\":{\\"width\\":120,\\"height\\":82,\\"master\\":1}}"'),
('ec982e2125743d1e8c56c25797b3e20d', '"{\\"0\\":1358174080,\\"1\\":\\"\\\\\\/home\\\\\\/e\\\\\\/eaccent\\\\\\/public_html\\\\\\/upload\\\\\\/gallery\\\\\\/IMG_4087.JPG\\",\\"resize\\":{\\"width\\":540,\\"height\\":361,\\"master\\":1}}"'),
('c5ac3894ed61f4b140715689469fb698', '"{\\"0\\":1358174080,\\"1\\":\\"\\\\\\/home\\\\\\/e\\\\\\/eaccent\\\\\\/public_html\\\\\\/upload\\\\\\/gallery\\\\\\/IMG_4087.JPG\\",\\"resize\\":{\\"width\\":120,\\"height\\":82,\\"master\\":1}}"'),
('faadbbb2999e4fbd66e3f71121e1a27f', '"{\\"0\\":1358174178,\\"1\\":\\"\\\\\\/home\\\\\\/e\\\\\\/eaccent\\\\\\/public_html\\\\\\/upload\\\\\\/gallery\\\\\\/IMG_4268.JPG\\",\\"resize\\":{\\"width\\":540,\\"height\\":361,\\"master\\":1}}"'),
('9d5a9be4d1b803594d3a416bd013caa9', '"{\\"0\\":1358174178,\\"1\\":\\"\\\\\\/home\\\\\\/e\\\\\\/eaccent\\\\\\/public_html\\\\\\/upload\\\\\\/gallery\\\\\\/IMG_4268.JPG\\",\\"resize\\":{\\"width\\":120,\\"height\\":82,\\"master\\":1}}"'),
('ea05c70ea56d51178a6ae01563582f34', '"{\\"0\\":1358174178,\\"1\\":\\"\\\\\\/home\\\\\\/e\\\\\\/eaccent\\\\\\/public_html\\\\\\/upload\\\\\\/gallery\\\\\\/IMG_4271.JPG\\",\\"resize\\":{\\"width\\":540,\\"height\\":361,\\"master\\":1}}"'),
('cae443f7d1f899c8fb6d94e495e1de57', '"{\\"0\\":1358174178,\\"1\\":\\"\\\\\\/home\\\\\\/e\\\\\\/eaccent\\\\\\/public_html\\\\\\/upload\\\\\\/gallery\\\\\\/IMG_4271.JPG\\",\\"resize\\":{\\"width\\":120,\\"height\\":82,\\"master\\":1}}"'),
('014076b93179a78b64a562eb6428133a', '"{\\"0\\":1358174178,\\"1\\":\\"\\\\\\/home\\\\\\/e\\\\\\/eaccent\\\\\\/public_html\\\\\\/upload\\\\\\/gallery\\\\\\/IMG_4289.JPG\\",\\"resize\\":{\\"width\\":540,\\"height\\":361,\\"master\\":1}}"'),
('afca55ec619b4563a18409faff057964', '"{\\"0\\":1358174178,\\"1\\":\\"\\\\\\/home\\\\\\/e\\\\\\/eaccent\\\\\\/public_html\\\\\\/upload\\\\\\/gallery\\\\\\/IMG_4289.JPG\\",\\"resize\\":{\\"width\\":120,\\"height\\":82,\\"master\\":1}}"'),
('106f2d6ae79324038426908c49806c3e', '"{\\"0\\":1358174178,\\"1\\":\\"\\\\\\/home\\\\\\/e\\\\\\/eaccent\\\\\\/public_html\\\\\\/upload\\\\\\/gallery\\\\\\/IMG_4380.JPG\\",\\"resize\\":{\\"width\\":540,\\"height\\":361,\\"master\\":1}}"'),
('58f294fb8a65b8cb5055625a0fd60aaf', '"{\\"0\\":1358174178,\\"1\\":\\"\\\\\\/home\\\\\\/e\\\\\\/eaccent\\\\\\/public_html\\\\\\/upload\\\\\\/gallery\\\\\\/IMG_4380.JPG\\",\\"resize\\":{\\"width\\":120,\\"height\\":82,\\"master\\":1}}"'),
('e3eb6574afd068f713fd21d025477f6f', '"{\\"0\\":1358174178,\\"1\\":\\"\\\\\\/home\\\\\\/e\\\\\\/eaccent\\\\\\/public_html\\\\\\/upload\\\\\\/gallery\\\\\\/IMG_4383.JPG\\",\\"resize\\":{\\"width\\":540,\\"height\\":361,\\"master\\":1}}"'),
('451b9f8ffe2c0b38ab57f4407178f2a9', '"{\\"0\\":1358174178,\\"1\\":\\"\\\\\\/home\\\\\\/e\\\\\\/eaccent\\\\\\/public_html\\\\\\/upload\\\\\\/gallery\\\\\\/IMG_4383.JPG\\",\\"resize\\":{\\"width\\":120,\\"height\\":82,\\"master\\":1}}"'),
('1174236f1ac3cc02e16098ec81fa8db4', '"{\\"0\\":1358174178,\\"1\\":\\"\\\\\\/home\\\\\\/e\\\\\\/eaccent\\\\\\/public_html\\\\\\/upload\\\\\\/gallery\\\\\\/IMG_4446.JPG\\",\\"resize\\":{\\"width\\":540,\\"height\\":361,\\"master\\":1}}"'),
('fd12bb7398d2cde9e7afa044819dacca', '"{\\"0\\":1358174178,\\"1\\":\\"\\\\\\/home\\\\\\/e\\\\\\/eaccent\\\\\\/public_html\\\\\\/upload\\\\\\/gallery\\\\\\/IMG_4446.JPG\\",\\"resize\\":{\\"width\\":120,\\"height\\":82,\\"master\\":1}}"'),
('6ff865958a59e1a0eccf546a216b2a4b', '"{\\"0\\":1358174251,\\"1\\":\\"\\\\\\/home\\\\\\/e\\\\\\/eaccent\\\\\\/public_html\\\\\\/upload\\\\\\/gallery\\\\\\/IMG_3399.JPG\\",\\"resize\\":{\\"width\\":540,\\"height\\":361,\\"master\\":1}}"'),
('a264a39690eceb1beed8650c08f734da', '"{\\"0\\":1358174251,\\"1\\":\\"\\\\\\/home\\\\\\/e\\\\\\/eaccent\\\\\\/public_html\\\\\\/upload\\\\\\/gallery\\\\\\/IMG_3399.JPG\\",\\"resize\\":{\\"width\\":120,\\"height\\":82,\\"master\\":1}}"'),
('25836a65e294668e8e08744ecd9f3176', '"{\\"0\\":1358174251,\\"1\\":\\"\\\\\\/home\\\\\\/e\\\\\\/eaccent\\\\\\/public_html\\\\\\/upload\\\\\\/gallery\\\\\\/IMG_3411.JPG\\",\\"resize\\":{\\"width\\":540,\\"height\\":361,\\"master\\":1}}"'),
('6684d07ef1b51ee63e00b10a73b707bb', '"{\\"0\\":1358174251,\\"1\\":\\"\\\\\\/home\\\\\\/e\\\\\\/eaccent\\\\\\/public_html\\\\\\/upload\\\\\\/gallery\\\\\\/IMG_3411.JPG\\",\\"resize\\":{\\"width\\":120,\\"height\\":82,\\"master\\":1}}"'),
('1f2bffe2398a32ca654b1cde0c5056cc', '"{\\"0\\":1358174251,\\"1\\":\\"\\\\\\/home\\\\\\/e\\\\\\/eaccent\\\\\\/public_html\\\\\\/upload\\\\\\/gallery\\\\\\/IMG_3412.JPG\\",\\"resize\\":{\\"width\\":540,\\"height\\":361,\\"master\\":1}}"'),
('0547ccd2db3425fd597c56d6b2445bb3', '"{\\"0\\":1358174251,\\"1\\":\\"\\\\\\/home\\\\\\/e\\\\\\/eaccent\\\\\\/public_html\\\\\\/upload\\\\\\/gallery\\\\\\/IMG_3412.JPG\\",\\"resize\\":{\\"width\\":120,\\"height\\":82,\\"master\\":1}}"'),
('5f6aa2b6d6f55abe0b20a0cd1da0e337', '"{\\"0\\":1358174251,\\"1\\":\\"\\\\\\/home\\\\\\/e\\\\\\/eaccent\\\\\\/public_html\\\\\\/upload\\\\\\/gallery\\\\\\/IMG_3420.JPG\\",\\"resize\\":{\\"width\\":540,\\"height\\":361,\\"master\\":1}}"'),
('cd6938acb6dd47aea715a4b20affabda', '"{\\"0\\":1358174251,\\"1\\":\\"\\\\\\/home\\\\\\/e\\\\\\/eaccent\\\\\\/public_html\\\\\\/upload\\\\\\/gallery\\\\\\/IMG_3420.JPG\\",\\"resize\\":{\\"width\\":120,\\"height\\":82,\\"master\\":1}}"'),
('6d28e0d08658a5aff543cca6148a4682', '"{\\"0\\":1358174251,\\"1\\":\\"\\\\\\/home\\\\\\/e\\\\\\/eaccent\\\\\\/public_html\\\\\\/upload\\\\\\/gallery\\\\\\/IMG_3427.JPG\\",\\"resize\\":{\\"width\\":540,\\"height\\":361,\\"master\\":1}}"'),
('bc777eac3217a7187e9034b87566e52e', '"{\\"0\\":1358174251,\\"1\\":\\"\\\\\\/home\\\\\\/e\\\\\\/eaccent\\\\\\/public_html\\\\\\/upload\\\\\\/gallery\\\\\\/IMG_3427.JPG\\",\\"resize\\":{\\"width\\":120,\\"height\\":82,\\"master\\":1}}"'),
('85ecc0a485bc33152b3c3304708a994f', '"{\\"0\\":1358174251,\\"1\\":\\"\\\\\\/home\\\\\\/e\\\\\\/eaccent\\\\\\/public_html\\\\\\/upload\\\\\\/gallery\\\\\\/IMG_3433.JPG\\",\\"resize\\":{\\"width\\":540,\\"height\\":361,\\"master\\":1}}"'),
('4c3c0c36d99fd0ac7f05f1a91eb55e8f', '"{\\"0\\":1358174251,\\"1\\":\\"\\\\\\/home\\\\\\/e\\\\\\/eaccent\\\\\\/public_html\\\\\\/upload\\\\\\/gallery\\\\\\/IMG_3433.JPG\\",\\"resize\\":{\\"width\\":120,\\"height\\":82,\\"master\\":1}}"'),
('5b6ad21a57ad443918a3329e54ba03ea', '"{\\"0\\":1358174251,\\"1\\":\\"\\\\\\/home\\\\\\/e\\\\\\/eaccent\\\\\\/public_html\\\\\\/upload\\\\\\/gallery\\\\\\/IMG_3446.JPG\\",\\"resize\\":{\\"width\\":540,\\"height\\":361,\\"master\\":1}}"'),
('7761051799dda43e67e893727e2862af', '"{\\"0\\":1358174251,\\"1\\":\\"\\\\\\/home\\\\\\/e\\\\\\/eaccent\\\\\\/public_html\\\\\\/upload\\\\\\/gallery\\\\\\/IMG_3446.JPG\\",\\"resize\\":{\\"width\\":120,\\"height\\":82,\\"master\\":1}}"'),
('af71446e459463ea8109bd564c0c9e7e', '"{\\"0\\":1358174364,\\"1\\":\\"\\\\\\/home\\\\\\/e\\\\\\/eaccent\\\\\\/public_html\\\\\\/upload\\\\\\/gallery\\\\\\/12 029.JPG\\",\\"resize\\":{\\"width\\":540,\\"height\\":361,\\"master\\":1}}"'),
('24ab23444272815a1a6ce34754aa3634', '"{\\"0\\":1358174364,\\"1\\":\\"\\\\\\/home\\\\\\/e\\\\\\/eaccent\\\\\\/public_html\\\\\\/upload\\\\\\/gallery\\\\\\/12 029.JPG\\",\\"resize\\":{\\"width\\":120,\\"height\\":82,\\"master\\":1}}"'),
('af7b69673187be66c675cff5853ecac4', '"{\\"0\\":1358174364,\\"1\\":\\"\\\\\\/home\\\\\\/e\\\\\\/eaccent\\\\\\/public_html\\\\\\/upload\\\\\\/gallery\\\\\\/12 049.JPG\\",\\"resize\\":{\\"width\\":540,\\"height\\":361,\\"master\\":1}}"'),
('a36bd369f3e441d31bc3a8939c02df93', '"{\\"0\\":1358174364,\\"1\\":\\"\\\\\\/home\\\\\\/e\\\\\\/eaccent\\\\\\/public_html\\\\\\/upload\\\\\\/gallery\\\\\\/12 049.JPG\\",\\"resize\\":{\\"width\\":120,\\"height\\":82,\\"master\\":1}}"'),
('6bf2849849f962d7ec0c2bcdf931ebfb', '"{\\"0\\":1358174364,\\"1\\":\\"\\\\\\/home\\\\\\/e\\\\\\/eaccent\\\\\\/public_html\\\\\\/upload\\\\\\/gallery\\\\\\/12 052.JPG\\",\\"resize\\":{\\"width\\":540,\\"height\\":361,\\"master\\":1}}"'),
('46e91faffd58dcdc525369b32fd4720d', '"{\\"0\\":1358174364,\\"1\\":\\"\\\\\\/home\\\\\\/e\\\\\\/eaccent\\\\\\/public_html\\\\\\/upload\\\\\\/gallery\\\\\\/12 052.JPG\\",\\"resize\\":{\\"width\\":120,\\"height\\":82,\\"master\\":1}}"'),
('4cdd972c76cbfae4a6c8fa8ea8a46dba', '"{\\"0\\":1358174364,\\"1\\":\\"\\\\\\/home\\\\\\/e\\\\\\/eaccent\\\\\\/public_html\\\\\\/upload\\\\\\/gallery\\\\\\/12 079.JPG\\",\\"resize\\":{\\"width\\":540,\\"height\\":361,\\"master\\":1}}"'),
('76b6942e3e51a41e78729e566e06ed71', '"{\\"0\\":1358174364,\\"1\\":\\"\\\\\\/home\\\\\\/e\\\\\\/eaccent\\\\\\/public_html\\\\\\/upload\\\\\\/gallery\\\\\\/12 079.JPG\\",\\"resize\\":{\\"width\\":120,\\"height\\":82,\\"master\\":1}}"'),
('fdb425427b463477bf43aff2b77faae9', '"{\\"0\\":1358174364,\\"1\\":\\"\\\\\\/home\\\\\\/e\\\\\\/eaccent\\\\\\/public_html\\\\\\/upload\\\\\\/gallery\\\\\\/12 089.JPG\\",\\"resize\\":{\\"width\\":540,\\"height\\":361,\\"master\\":1}}"'),
('c13c31594a3c4ad7be42b7aa1e20350c', '"{\\"0\\":1358174364,\\"1\\":\\"\\\\\\/home\\\\\\/e\\\\\\/eaccent\\\\\\/public_html\\\\\\/upload\\\\\\/gallery\\\\\\/12 089.JPG\\",\\"resize\\":{\\"width\\":120,\\"height\\":82,\\"master\\":1}}"'),
('5fc9014fd914f68db3c5c5c1204fa2d8', '"{\\"0\\":1358174364,\\"1\\":\\"\\\\\\/home\\\\\\/e\\\\\\/eaccent\\\\\\/public_html\\\\\\/upload\\\\\\/gallery\\\\\\/12 117.JPG\\",\\"resize\\":{\\"width\\":540,\\"height\\":361,\\"master\\":1}}"'),
('f2ba781ab4ff5e919e876a4f59b269a9', '"{\\"0\\":1358174364,\\"1\\":\\"\\\\\\/home\\\\\\/e\\\\\\/eaccent\\\\\\/public_html\\\\\\/upload\\\\\\/gallery\\\\\\/12 117.JPG\\",\\"resize\\":{\\"width\\":120,\\"height\\":82,\\"master\\":1}}"'),
('789a925f5acf6cfd117a036e44fc6835', '"{\\"0\\":1358174364,\\"1\\":\\"\\\\\\/home\\\\\\/e\\\\\\/eaccent\\\\\\/public_html\\\\\\/upload\\\\\\/gallery\\\\\\/12 126.JPG\\",\\"resize\\":{\\"width\\":540,\\"height\\":361,\\"master\\":1}}"'),
('241dd4de6932759c9f34c42a781dcf41', '"{\\"0\\":1358174364,\\"1\\":\\"\\\\\\/home\\\\\\/e\\\\\\/eaccent\\\\\\/public_html\\\\\\/upload\\\\\\/gallery\\\\\\/12 126.JPG\\",\\"resize\\":{\\"width\\":120,\\"height\\":82,\\"master\\":1}}"'),
('95b2f66414692678bd4a74901c460a5a', '"{\\"0\\":1358174364,\\"1\\":\\"\\\\\\/home\\\\\\/e\\\\\\/eaccent\\\\\\/public_html\\\\\\/upload\\\\\\/gallery\\\\\\/12 139.JPG\\",\\"resize\\":{\\"width\\":540,\\"height\\":361,\\"master\\":1}}"'),
('b96880d984c8ff934e409afb8de2e924', '"{\\"0\\":1358174364,\\"1\\":\\"\\\\\\/home\\\\\\/e\\\\\\/eaccent\\\\\\/public_html\\\\\\/upload\\\\\\/gallery\\\\\\/12 139.JPG\\",\\"resize\\":{\\"width\\":120,\\"height\\":82,\\"master\\":1}}"'),
('def09e01d127ba912018283e454692d1', '"{\\"0\\":1358174364,\\"1\\":\\"\\\\\\/home\\\\\\/e\\\\\\/eaccent\\\\\\/public_html\\\\\\/upload\\\\\\/gallery\\\\\\/12 165.JPG\\",\\"resize\\":{\\"width\\":540,\\"height\\":361,\\"master\\":1}}"'),
('234c185749aa3245baf80e531bb7dc98', '"{\\"0\\":1358174364,\\"1\\":\\"\\\\\\/home\\\\\\/e\\\\\\/eaccent\\\\\\/public_html\\\\\\/upload\\\\\\/gallery\\\\\\/12 165.JPG\\",\\"resize\\":{\\"width\\":120,\\"height\\":82,\\"master\\":1}}"'),
('4fb4fb96e630329fd55c90528af877ce', '"{\\"0\\":1358174364,\\"1\\":\\"\\\\\\/home\\\\\\/e\\\\\\/eaccent\\\\\\/public_html\\\\\\/upload\\\\\\/gallery\\\\\\/12 172.JPG\\",\\"resize\\":{\\"width\\":540,\\"height\\":361,\\"master\\":1}}"'),
('b821320dea8501943391db7cd93609e1', '"{\\"0\\":1358174364,\\"1\\":\\"\\\\\\/home\\\\\\/e\\\\\\/eaccent\\\\\\/public_html\\\\\\/upload\\\\\\/gallery\\\\\\/12 172.JPG\\",\\"resize\\":{\\"width\\":120,\\"height\\":82,\\"master\\":1}}"'),
('75b828c654a1e5538686b45a385b092d', '"{\\"0\\":1358174413,\\"1\\":\\"\\\\\\/home\\\\\\/e\\\\\\/eaccent\\\\\\/public_html\\\\\\/upload\\\\\\/gallery\\\\\\/IMG_4904.JPG\\",\\"resize\\":{\\"width\\":540,\\"height\\":361,\\"master\\":1}}"'),
('9012a3e2417dbcb9f616e02ebfbb46c6', '"{\\"0\\":1358174413,\\"1\\":\\"\\\\\\/home\\\\\\/e\\\\\\/eaccent\\\\\\/public_html\\\\\\/upload\\\\\\/gallery\\\\\\/IMG_4904.JPG\\",\\"resize\\":{\\"width\\":120,\\"height\\":82,\\"master\\":1}}"'),
('bcf14b4b6e5ed2306bfa1c471fc364d0', '"{\\"0\\":1358174413,\\"1\\":\\"\\\\\\/home\\\\\\/e\\\\\\/eaccent\\\\\\/public_html\\\\\\/upload\\\\\\/gallery\\\\\\/IMG_4910.JPG\\",\\"resize\\":{\\"width\\":540,\\"height\\":361,\\"master\\":1}}"'),
('d9af7770f4b7be77c97dcd2e15f05d50', '"{\\"0\\":1358174413,\\"1\\":\\"\\\\\\/home\\\\\\/e\\\\\\/eaccent\\\\\\/public_html\\\\\\/upload\\\\\\/gallery\\\\\\/IMG_4910.JPG\\",\\"resize\\":{\\"width\\":120,\\"height\\":82,\\"master\\":1}}"'),
('35683e318edb04b4b1760107f37951ee', '"{\\"0\\":1358174484,\\"1\\":\\"\\\\\\/home\\\\\\/e\\\\\\/eaccent\\\\\\/public_html\\\\\\/upload\\\\\\/gallery\\\\\\/\\\\u041e\\\\u0431\\\\u0443\\\\u0447\\\\u0435\\\\u043d\\\\u0438\\\\u0435 \\\\u0432 \\\\u0410\\\\u043c\\\\u0435\\\\u0440\\\\u0438\\\\u043a\\\\u0435 273.JPG\\",\\"resize\\":{\\"width\\":540,\\"height\\":361,\\"master\\":1}}"'),
('a1e05316b0ea019f6b6fde159c2f1dbc', '"{\\"0\\":1358174484,\\"1\\":\\"\\\\\\/home\\\\\\/e\\\\\\/eaccent\\\\\\/public_html\\\\\\/upload\\\\\\/gallery\\\\\\/\\\\u041e\\\\u0431\\\\u0443\\\\u0447\\\\u0435\\\\u043d\\\\u0438\\\\u0435 \\\\u0432 \\\\u0410\\\\u043c\\\\u0435\\\\u0440\\\\u0438\\\\u043a\\\\u0435 273.JPG\\",\\"resize\\":{\\"width\\":120,\\"height\\":82,\\"master\\":1}}"'),
('19503ead878e60c0b110d15fbcd0f96e', '"{\\"0\\":1358174484,\\"1\\":\\"\\\\\\/home\\\\\\/e\\\\\\/eaccent\\\\\\/public_html\\\\\\/upload\\\\\\/gallery\\\\\\/\\\\u041e\\\\u0431\\\\u0443\\\\u0447\\\\u0435\\\\u043d\\\\u0438\\\\u0435 \\\\u0432 \\\\u0410\\\\u043c\\\\u0435\\\\u0440\\\\u0438\\\\u043a\\\\u0435 289.JPG\\",\\"resize\\":{\\"width\\":540,\\"height\\":361,\\"master\\":1}}"'),
('c62754c8ef34cb69ce6fe643acbf251e', '"{\\"0\\":1358174484,\\"1\\":\\"\\\\\\/home\\\\\\/e\\\\\\/eaccent\\\\\\/public_html\\\\\\/upload\\\\\\/gallery\\\\\\/\\\\u041e\\\\u0431\\\\u0443\\\\u0447\\\\u0435\\\\u043d\\\\u0438\\\\u0435 \\\\u0432 \\\\u0410\\\\u043c\\\\u0435\\\\u0440\\\\u0438\\\\u043a\\\\u0435 289.JPG\\",\\"resize\\":{\\"width\\":120,\\"height\\":82,\\"master\\":1}}"'),
('e78ed920c1bfb4800a94da8c1f7ea483', '"{\\"0\\":1358174484,\\"1\\":\\"\\\\\\/home\\\\\\/e\\\\\\/eaccent\\\\\\/public_html\\\\\\/upload\\\\\\/gallery\\\\\\/P6202980.JPG\\",\\"resize\\":{\\"width\\":540,\\"height\\":361,\\"master\\":1}}"'),
('da97ecc2705a07cf1da8920ab549fb7d', '"{\\"0\\":1358174484,\\"1\\":\\"\\\\\\/home\\\\\\/e\\\\\\/eaccent\\\\\\/public_html\\\\\\/upload\\\\\\/gallery\\\\\\/P6202980.JPG\\",\\"resize\\":{\\"width\\":120,\\"height\\":82,\\"master\\":1}}"'),
('9588effe61ce3322f2766b8176403b88', '"{\\"0\\":1358174485,\\"1\\":\\"\\\\\\/home\\\\\\/e\\\\\\/eaccent\\\\\\/public_html\\\\\\/upload\\\\\\/gallery\\\\\\/\\\\u041e\\\\u0431\\\\u0443\\\\u0447\\\\u0435\\\\u043d\\\\u0438\\\\u0435 \\\\u0432 \\\\u0410\\\\u043c\\\\u0435\\\\u0440\\\\u0438\\\\u043a\\\\u0435 036.JPG\\",\\"resize\\":{\\"width\\":540,\\"height\\":361,\\"master\\":1}}"'),
('96b4c331f8b0f1362f1b423d29b6aedc', '"{\\"0\\":1358174485,\\"1\\":\\"\\\\\\/home\\\\\\/e\\\\\\/eaccent\\\\\\/public_html\\\\\\/upload\\\\\\/gallery\\\\\\/\\\\u041e\\\\u0431\\\\u0443\\\\u0447\\\\u0435\\\\u043d\\\\u0438\\\\u0435 \\\\u0432 \\\\u0410\\\\u043c\\\\u0435\\\\u0440\\\\u0438\\\\u043a\\\\u0435 036.JPG\\",\\"resize\\":{\\"width\\":120,\\"height\\":82,\\"master\\":1}}"'),
('c77f081604c9068d57b8fef9b7b4f0c4', '"{\\"0\\":1358174485,\\"1\\":\\"\\\\\\/home\\\\\\/e\\\\\\/eaccent\\\\\\/public_html\\\\\\/upload\\\\\\/gallery\\\\\\/\\\\u041e\\\\u0431\\\\u0443\\\\u0447\\\\u0435\\\\u043d\\\\u0438\\\\u0435 \\\\u0432 \\\\u0410\\\\u043c\\\\u0435\\\\u0440\\\\u0438\\\\u043a\\\\u0435 078.JPG\\",\\"resize\\":{\\"width\\":540,\\"height\\":361,\\"master\\":1}}"'),
('28641e57a219446f2854138329145eb4', '"{\\"0\\":1358174485,\\"1\\":\\"\\\\\\/home\\\\\\/e\\\\\\/eaccent\\\\\\/public_html\\\\\\/upload\\\\\\/gallery\\\\\\/\\\\u041e\\\\u0431\\\\u0443\\\\u0447\\\\u0435\\\\u043d\\\\u0438\\\\u0435 \\\\u0432 \\\\u0410\\\\u043c\\\\u0435\\\\u0440\\\\u0438\\\\u043a\\\\u0435 078.JPG\\",\\"resize\\":{\\"width\\":120,\\"height\\":82,\\"master\\":1}}"'),
('e65a9b07e1dc1b3dd2dc8a368eb3de25', '"{\\"0\\":1358174485,\\"1\\":\\"\\\\\\/home\\\\\\/e\\\\\\/eaccent\\\\\\/public_html\\\\\\/upload\\\\\\/gallery\\\\\\/\\\\u041e\\\\u0431\\\\u0443\\\\u0447\\\\u0435\\\\u043d\\\\u0438\\\\u0435 \\\\u0432 \\\\u0410\\\\u043c\\\\u0435\\\\u0440\\\\u0438\\\\u043a\\\\u0435 114.JPG\\",\\"resize\\":{\\"width\\":540,\\"height\\":361,\\"master\\":1}}"'),
('b463020af003fdd282c6a8d8b43a23cd', '"{\\"0\\":1358174485,\\"1\\":\\"\\\\\\/home\\\\\\/e\\\\\\/eaccent\\\\\\/public_html\\\\\\/upload\\\\\\/gallery\\\\\\/\\\\u041e\\\\u0431\\\\u0443\\\\u0447\\\\u0435\\\\u043d\\\\u0438\\\\u0435 \\\\u0432 \\\\u0410\\\\u043c\\\\u0435\\\\u0440\\\\u0438\\\\u043a\\\\u0435 114.JPG\\",\\"resize\\":{\\"width\\":120,\\"height\\":82,\\"master\\":1}}"'),
('6506aec1e0a6785f7869c92e4b039a0a', '"{\\"0\\":1358174485,\\"1\\":\\"\\\\\\/home\\\\\\/e\\\\\\/eaccent\\\\\\/public_html\\\\\\/upload\\\\\\/gallery\\\\\\/\\\\u041e\\\\u0431\\\\u0443\\\\u0447\\\\u0435\\\\u043d\\\\u0438\\\\u0435 \\\\u0432 \\\\u0410\\\\u043c\\\\u0435\\\\u0440\\\\u0438\\\\u043a\\\\u0435 133.JPG\\",\\"resize\\":{\\"width\\":540,\\"height\\":361,\\"master\\":1}}"'),
('33a9cc92399ca24e7b203cd3b3a75db3', '"{\\"0\\":1358174485,\\"1\\":\\"\\\\\\/home\\\\\\/e\\\\\\/eaccent\\\\\\/public_html\\\\\\/upload\\\\\\/gallery\\\\\\/\\\\u041e\\\\u0431\\\\u0443\\\\u0447\\\\u0435\\\\u043d\\\\u0438\\\\u0435 \\\\u0432 \\\\u0410\\\\u043c\\\\u0435\\\\u0440\\\\u0438\\\\u043a\\\\u0435 133.JPG\\",\\"resize\\":{\\"width\\":120,\\"height\\":82,\\"master\\":1}}"'),
('9589d122eaeeebc490ac775e0b959c1e', '"{\\"0\\":1358174485,\\"1\\":\\"\\\\\\/home\\\\\\/e\\\\\\/eaccent\\\\\\/public_html\\\\\\/upload\\\\\\/gallery\\\\\\/\\\\u041e\\\\u0431\\\\u0443\\\\u0447\\\\u0435\\\\u043d\\\\u0438\\\\u0435 \\\\u0432 \\\\u0410\\\\u043c\\\\u0435\\\\u0440\\\\u0438\\\\u043a\\\\u0435 151.JPG\\",\\"resize\\":{\\"width\\":540,\\"height\\":361,\\"master\\":1}}"'),
('37f336c44eda3675525e59c315e6ffea', '"{\\"0\\":1358174485,\\"1\\":\\"\\\\\\/home\\\\\\/e\\\\\\/eaccent\\\\\\/public_html\\\\\\/upload\\\\\\/gallery\\\\\\/\\\\u041e\\\\u0431\\\\u0443\\\\u0447\\\\u0435\\\\u043d\\\\u0438\\\\u0435 \\\\u0432 \\\\u0410\\\\u043c\\\\u0435\\\\u0440\\\\u0438\\\\u043a\\\\u0435 151.JPG\\",\\"resize\\":{\\"width\\":120,\\"height\\":82,\\"master\\":1}}"'),
('9e9d2a7eafc829b7a3a4adb2316cbf7c', '"{\\"0\\":1358174485,\\"1\\":\\"\\\\\\/home\\\\\\/e\\\\\\/eaccent\\\\\\/public_html\\\\\\/upload\\\\\\/gallery\\\\\\/\\\\u041e\\\\u0431\\\\u0443\\\\u0447\\\\u0435\\\\u043d\\\\u0438\\\\u0435 \\\\u0432 \\\\u0410\\\\u043c\\\\u0435\\\\u0440\\\\u0438\\\\u043a\\\\u0435 229.JPG\\",\\"resize\\":{\\"width\\":540,\\"height\\":361,\\"master\\":1}}"'),
('b2d130be45c8210d50cce2df40da7e9b', '"{\\"0\\":1358174485,\\"1\\":\\"\\\\\\/home\\\\\\/e\\\\\\/eaccent\\\\\\/public_html\\\\\\/upload\\\\\\/gallery\\\\\\/\\\\u041e\\\\u0431\\\\u0443\\\\u0447\\\\u0435\\\\u043d\\\\u0438\\\\u0435 \\\\u0432 \\\\u0410\\\\u043c\\\\u0435\\\\u0440\\\\u0438\\\\u043a\\\\u0435 229.JPG\\",\\"resize\\":{\\"width\\":120,\\"height\\":82,\\"master\\":1}}"'),
('0e3352e019a4d61c29492d121c14625a', '"{\\"0\\":1358174485,\\"1\\":\\"\\\\\\/home\\\\\\/e\\\\\\/eaccent\\\\\\/public_html\\\\\\/upload\\\\\\/gallery\\\\\\/\\\\u041e\\\\u0431\\\\u0443\\\\u0447\\\\u0435\\\\u043d\\\\u0438\\\\u0435 \\\\u0432 \\\\u0410\\\\u043c\\\\u0435\\\\u0440\\\\u0438\\\\u043a\\\\u0435 266.JPG\\",\\"resize\\":{\\"width\\":540,\\"height\\":361,\\"master\\":1}}"'),
('1eeccd6fc1ae6bfe963416a247acbf5a', '"{\\"0\\":1358174485,\\"1\\":\\"\\\\\\/home\\\\\\/e\\\\\\/eaccent\\\\\\/public_html\\\\\\/upload\\\\\\/gallery\\\\\\/\\\\u041e\\\\u0431\\\\u0443\\\\u0447\\\\u0435\\\\u043d\\\\u0438\\\\u0435 \\\\u0432 \\\\u0410\\\\u043c\\\\u0435\\\\u0440\\\\u0438\\\\u043a\\\\u0435 266.JPG\\",\\"resize\\":{\\"width\\":120,\\"height\\":82,\\"master\\":1}}"'),
('810f499671abb632dc3ef93b4adbfd5b', '"{\\"0\\":1358174601,\\"1\\":\\"\\\\\\/home\\\\\\/e\\\\\\/eaccent\\\\\\/public_html\\\\\\/upload\\\\\\/gallery\\\\\\/\\\\u041e\\\\u0431\\\\u0443\\\\u0447\\\\u0435\\\\u043d\\\\u0438\\\\u0435 \\\\u0432 \\\\u0410\\\\u043c\\\\u0435\\\\u0440\\\\u0438\\\\u043a\\\\u0435 292.JPG\\",\\"resize\\":{\\"width\\":540,\\"height\\":361,\\"master\\":1}}"'),
('92f1177349c6969561c2123eabe24b5f', '"{\\"0\\":1358174601,\\"1\\":\\"\\\\\\/home\\\\\\/e\\\\\\/eaccent\\\\\\/public_html\\\\\\/upload\\\\\\/gallery\\\\\\/\\\\u041e\\\\u0431\\\\u0443\\\\u0447\\\\u0435\\\\u043d\\\\u0438\\\\u0435 \\\\u0432 \\\\u0410\\\\u043c\\\\u0435\\\\u0440\\\\u0438\\\\u043a\\\\u0435 292.JPG\\",\\"resize\\":{\\"width\\":120,\\"height\\":82,\\"master\\":1}}"'),
('af822b2f1e8e9cf247ae7bf3428925ba', '"{\\"0\\":1358174601,\\"1\\":\\"\\\\\\/home\\\\\\/e\\\\\\/eaccent\\\\\\/public_html\\\\\\/upload\\\\\\/gallery\\\\\\/\\\\u041e\\\\u0431\\\\u0443\\\\u0447\\\\u0435\\\\u043d\\\\u0438\\\\u0435 \\\\u0432 \\\\u0410\\\\u043c\\\\u0435\\\\u0440\\\\u0438\\\\u043a\\\\u0435 354.JPG\\",\\"resize\\":{\\"width\\":540,\\"height\\":361,\\"master\\":1}}"'),
('9561ff40b1d53a6a524e32752ee61463', '"{\\"0\\":1358174601,\\"1\\":\\"\\\\\\/home\\\\\\/e\\\\\\/eaccent\\\\\\/public_html\\\\\\/upload\\\\\\/gallery\\\\\\/\\\\u041e\\\\u0431\\\\u0443\\\\u0447\\\\u0435\\\\u043d\\\\u0438\\\\u0435 \\\\u0432 \\\\u0410\\\\u043c\\\\u0435\\\\u0440\\\\u0438\\\\u043a\\\\u0435 354.JPG\\",\\"resize\\":{\\"width\\":120,\\"height\\":82,\\"master\\":1}}"'),
('ffa1dc62d6400f2e49670ac2536f809d', '"{\\"0\\":1358174601,\\"1\\":\\"\\\\\\/home\\\\\\/e\\\\\\/eaccent\\\\\\/public_html\\\\\\/upload\\\\\\/gallery\\\\\\/\\\\u041e\\\\u0431\\\\u0443\\\\u0447\\\\u0435\\\\u043d\\\\u0438\\\\u0435 \\\\u0432 \\\\u0410\\\\u043c\\\\u0435\\\\u0440\\\\u0438\\\\u043a\\\\u0435 363.JPG\\",\\"resize\\":{\\"width\\":540,\\"height\\":361,\\"master\\":1}}"'),
('7b190098fb21b14bc8f4d8645736fc8d', '"{\\"0\\":1358174601,\\"1\\":\\"\\\\\\/home\\\\\\/e\\\\\\/eaccent\\\\\\/public_html\\\\\\/upload\\\\\\/gallery\\\\\\/\\\\u041e\\\\u0431\\\\u0443\\\\u0447\\\\u0435\\\\u043d\\\\u0438\\\\u0435 \\\\u0432 \\\\u0410\\\\u043c\\\\u0435\\\\u0440\\\\u0438\\\\u043a\\\\u0435 363.JPG\\",\\"resize\\":{\\"width\\":120,\\"height\\":82,\\"master\\":1}}"'),
('84dbea0ead5b6565ade9c32934052491', '"{\\"0\\":1358174601,\\"1\\":\\"\\\\\\/home\\\\\\/e\\\\\\/eaccent\\\\\\/public_html\\\\\\/upload\\\\\\/gallery\\\\\\/\\\\u041e\\\\u0431\\\\u0443\\\\u0447\\\\u0435\\\\u043d\\\\u0438\\\\u0435 \\\\u0432 \\\\u0410\\\\u043c\\\\u0435\\\\u0440\\\\u0438\\\\u043a\\\\u0435 407.JPG\\",\\"resize\\":{\\"width\\":540,\\"height\\":361,\\"master\\":1}}"'),
('1c2a0fa14a9d90b1a202b2f9946ba4e1', '"{\\"0\\":1358174601,\\"1\\":\\"\\\\\\/home\\\\\\/e\\\\\\/eaccent\\\\\\/public_html\\\\\\/upload\\\\\\/gallery\\\\\\/\\\\u041e\\\\u0431\\\\u0443\\\\u0447\\\\u0435\\\\u043d\\\\u0438\\\\u0435 \\\\u0432 \\\\u0410\\\\u043c\\\\u0435\\\\u0440\\\\u0438\\\\u043a\\\\u0435 407.JPG\\",\\"resize\\":{\\"width\\":120,\\"height\\":82,\\"master\\":1}}"'),
('1d18c84b8e243306fd89fe6bde0977a8', '"{\\"0\\":1358174601,\\"1\\":\\"\\\\\\/home\\\\\\/e\\\\\\/eaccent\\\\\\/public_html\\\\\\/upload\\\\\\/gallery\\\\\\/\\\\u041e\\\\u0431\\\\u0443\\\\u0447\\\\u0435\\\\u043d\\\\u0438\\\\u0435 \\\\u0432 \\\\u0410\\\\u043c\\\\u0435\\\\u0440\\\\u0438\\\\u043a\\\\u0435 377.JPG\\",\\"resize\\":{\\"width\\":540,\\"height\\":361,\\"master\\":1}}"'),
('804ba0b42b40decb7d7651a59bad0486', '"{\\"0\\":1358174601,\\"1\\":\\"\\\\\\/home\\\\\\/e\\\\\\/eaccent\\\\\\/public_html\\\\\\/upload\\\\\\/gallery\\\\\\/\\\\u041e\\\\u0431\\\\u0443\\\\u0447\\\\u0435\\\\u043d\\\\u0438\\\\u0435 \\\\u0432 \\\\u0410\\\\u043c\\\\u0435\\\\u0440\\\\u0438\\\\u043a\\\\u0435 377.JPG\\",\\"resize\\":{\\"width\\":120,\\"height\\":82,\\"master\\":1}}"'),
('e8e4725c1181ce640fa1ef1505742f79', '"{\\"0\\":1358174601,\\"1\\":\\"\\\\\\/home\\\\\\/e\\\\\\/eaccent\\\\\\/public_html\\\\\\/upload\\\\\\/gallery\\\\\\/\\\\u041e\\\\u0431\\\\u0443\\\\u0447\\\\u0435\\\\u043d\\\\u0438\\\\u0435 \\\\u0432 \\\\u0410\\\\u043c\\\\u0435\\\\u0440\\\\u0438\\\\u043a\\\\u0435 428.JPG\\",\\"resize\\":{\\"width\\":540,\\"height\\":361,\\"master\\":1}}"'),
('21a7d4e152716b4e59ce0feb6fca0555', '"{\\"0\\":1358174601,\\"1\\":\\"\\\\\\/home\\\\\\/e\\\\\\/eaccent\\\\\\/public_html\\\\\\/upload\\\\\\/gallery\\\\\\/\\\\u041e\\\\u0431\\\\u0443\\\\u0447\\\\u0435\\\\u043d\\\\u0438\\\\u0435 \\\\u0432 \\\\u0410\\\\u043c\\\\u0435\\\\u0440\\\\u0438\\\\u043a\\\\u0435 428.JPG\\",\\"resize\\":{\\"width\\":120,\\"height\\":82,\\"master\\":1}}"'),
('4c2398d18fac46980092f35e77c00b1d', '"{\\"0\\":1358174601,\\"1\\":\\"\\\\\\/home\\\\\\/e\\\\\\/eaccent\\\\\\/public_html\\\\\\/upload\\\\\\/gallery\\\\\\/\\\\u041e\\\\u0431\\\\u0443\\\\u0447\\\\u0435\\\\u043d\\\\u0438\\\\u0435 \\\\u0432 \\\\u0410\\\\u043c\\\\u0435\\\\u0440\\\\u0438\\\\u043a\\\\u0435 421.JPG\\",\\"resize\\":{\\"width\\":540,\\"height\\":361,\\"master\\":1}}"'),
('f02a6fada72f2839ba5eb448bf7a921c', '"{\\"0\\":1358174601,\\"1\\":\\"\\\\\\/home\\\\\\/e\\\\\\/eaccent\\\\\\/public_html\\\\\\/upload\\\\\\/gallery\\\\\\/\\\\u041e\\\\u0431\\\\u0443\\\\u0447\\\\u0435\\\\u043d\\\\u0438\\\\u0435 \\\\u0432 \\\\u0410\\\\u043c\\\\u0435\\\\u0440\\\\u0438\\\\u043a\\\\u0435 421.JPG\\",\\"resize\\":{\\"width\\":120,\\"height\\":82,\\"master\\":1}}"'),
('1bdf2bc71d1c2ca87895bc6d506445b9', '"{\\"0\\":1358174601,\\"1\\":\\"\\\\\\/home\\\\\\/e\\\\\\/eaccent\\\\\\/public_html\\\\\\/upload\\\\\\/gallery\\\\\\/\\\\u041e\\\\u0431\\\\u0443\\\\u0447\\\\u0435\\\\u043d\\\\u0438\\\\u0435 \\\\u0432 \\\\u0410\\\\u043c\\\\u0435\\\\u0440\\\\u0438\\\\u043a\\\\u0435 437.JPG\\",\\"resize\\":{\\"width\\":540,\\"height\\":361,\\"master\\":1}}"'),
('fd477b8127fbf1ac8e242168d7c428ae', '"{\\"0\\":1358174601,\\"1\\":\\"\\\\\\/home\\\\\\/e\\\\\\/eaccent\\\\\\/public_html\\\\\\/upload\\\\\\/gallery\\\\\\/\\\\u041e\\\\u0431\\\\u0443\\\\u0447\\\\u0435\\\\u043d\\\\u0438\\\\u0435 \\\\u0432 \\\\u0410\\\\u043c\\\\u0435\\\\u0440\\\\u0438\\\\u043a\\\\u0435 437.JPG\\",\\"resize\\":{\\"width\\":120,\\"height\\":82,\\"master\\":1}}"'),
('0e81b51c2ef1fd1e8259981fee19077e', '"{\\"0\\":1358174601,\\"1\\":\\"\\\\\\/home\\\\\\/e\\\\\\/eaccent\\\\\\/public_html\\\\\\/upload\\\\\\/gallery\\\\\\/\\\\u041e\\\\u0431\\\\u0443\\\\u0447\\\\u0435\\\\u043d\\\\u0438\\\\u0435 \\\\u0432 \\\\u0410\\\\u043c\\\\u0435\\\\u0440\\\\u0438\\\\u043a\\\\u0435 460.JPG\\",\\"resize\\":{\\"width\\":540,\\"height\\":361,\\"master\\":1}}"'),
('4385b18196dc735279381450ddcd8a0a', '"{\\"0\\":1358174601,\\"1\\":\\"\\\\\\/home\\\\\\/e\\\\\\/eaccent\\\\\\/public_html\\\\\\/upload\\\\\\/gallery\\\\\\/\\\\u041e\\\\u0431\\\\u0443\\\\u0447\\\\u0435\\\\u043d\\\\u0438\\\\u0435 \\\\u0432 \\\\u0410\\\\u043c\\\\u0435\\\\u0440\\\\u0438\\\\u043a\\\\u0435 460.JPG\\",\\"resize\\":{\\"width\\":120,\\"height\\":82,\\"master\\":1}}"'),
('6a286afe5df26de2775d22a0827117bb', '"{\\"0\\":1358174601,\\"1\\":\\"\\\\\\/home\\\\\\/e\\\\\\/eaccent\\\\\\/public_html\\\\\\/upload\\\\\\/gallery\\\\\\/\\\\u041e\\\\u0431\\\\u0443\\\\u0447\\\\u0435\\\\u043d\\\\u0438\\\\u0435 \\\\u0432 \\\\u0410\\\\u043c\\\\u0435\\\\u0440\\\\u0438\\\\u043a\\\\u0435 471.JPG\\",\\"resize\\":{\\"width\\":540,\\"height\\":361,\\"master\\":1}}"'),
('3b2259116d58fc81627e4aafabbe4530', '"{\\"0\\":1358174601,\\"1\\":\\"\\\\\\/home\\\\\\/e\\\\\\/eaccent\\\\\\/public_html\\\\\\/upload\\\\\\/gallery\\\\\\/\\\\u041e\\\\u0431\\\\u0443\\\\u0447\\\\u0435\\\\u043d\\\\u0438\\\\u0435 \\\\u0432 \\\\u0410\\\\u043c\\\\u0435\\\\u0440\\\\u0438\\\\u043a\\\\u0435 471.JPG\\",\\"resize\\":{\\"width\\":120,\\"height\\":82,\\"master\\":1}}"'),
('012c92866340c996da2b41d58e341888', '"{\\"0\\":1358174680,\\"1\\":\\"\\\\\\/home\\\\\\/e\\\\\\/eaccent\\\\\\/public_html\\\\\\/upload\\\\\\/gallery\\\\\\/12 055.JPG\\",\\"resize\\":{\\"width\\":540,\\"height\\":361,\\"master\\":1}}"');
INSERT INTO `{{storage}}` (`key`, `value`) VALUES
('8077e98d4307df221d5e3917df4aae32', '"{\\"0\\":1358174680,\\"1\\":\\"\\\\\\/home\\\\\\/e\\\\\\/eaccent\\\\\\/public_html\\\\\\/upload\\\\\\/gallery\\\\\\/12 055.JPG\\",\\"resize\\":{\\"width\\":120,\\"height\\":82,\\"master\\":1}}"'),
('846ac63d99835426ffec726f982af3fc', '"{\\"0\\":1358174680,\\"1\\":\\"\\\\\\/home\\\\\\/e\\\\\\/eaccent\\\\\\/public_html\\\\\\/upload\\\\\\/gallery\\\\\\/12 056.JPG\\",\\"resize\\":{\\"width\\":540,\\"height\\":361,\\"master\\":1}}"'),
('1c5d041321e5aa293a5058efcd09378d', '"{\\"0\\":1358174680,\\"1\\":\\"\\\\\\/home\\\\\\/e\\\\\\/eaccent\\\\\\/public_html\\\\\\/upload\\\\\\/gallery\\\\\\/12 056.JPG\\",\\"resize\\":{\\"width\\":120,\\"height\\":82,\\"master\\":1}}"'),
('feff5e4a331cd3953d9f99d8df9d4798', '"{\\"0\\":1358174680,\\"1\\":\\"\\\\\\/home\\\\\\/e\\\\\\/eaccent\\\\\\/public_html\\\\\\/upload\\\\\\/gallery\\\\\\/IMG_4688.JPG\\",\\"resize\\":{\\"width\\":540,\\"height\\":361,\\"master\\":1}}"'),
('49ea94a586ea3364e08c10678a33c8e0', '"{\\"0\\":1358174680,\\"1\\":\\"\\\\\\/home\\\\\\/e\\\\\\/eaccent\\\\\\/public_html\\\\\\/upload\\\\\\/gallery\\\\\\/IMG_4688.JPG\\",\\"resize\\":{\\"width\\":120,\\"height\\":82,\\"master\\":1}}"'),
('9b080d24d8d69e072e79c086eb2e5bfb', '"{\\"0\\":1358174680,\\"1\\":\\"\\\\\\/home\\\\\\/e\\\\\\/eaccent\\\\\\/public_html\\\\\\/upload\\\\\\/gallery\\\\\\/IMG_4706.JPG\\",\\"resize\\":{\\"width\\":540,\\"height\\":361,\\"master\\":1}}"'),
('0e3c4dee6e58ea2495e54b195864a314', '"{\\"0\\":1358174680,\\"1\\":\\"\\\\\\/home\\\\\\/e\\\\\\/eaccent\\\\\\/public_html\\\\\\/upload\\\\\\/gallery\\\\\\/IMG_4706.JPG\\",\\"resize\\":{\\"width\\":120,\\"height\\":82,\\"master\\":1}}"'),
('d78221a551eb9755b0d4323bd2104ebd', '"{\\"0\\":1358174680,\\"1\\":\\"\\\\\\/home\\\\\\/e\\\\\\/eaccent\\\\\\/public_html\\\\\\/upload\\\\\\/gallery\\\\\\/IMG_4742.JPG\\",\\"resize\\":{\\"width\\":540,\\"height\\":361,\\"master\\":1}}"'),
('b17c77f9ddf6181387b1aa7045669431', '"{\\"0\\":1358174680,\\"1\\":\\"\\\\\\/home\\\\\\/e\\\\\\/eaccent\\\\\\/public_html\\\\\\/upload\\\\\\/gallery\\\\\\/IMG_4742.JPG\\",\\"resize\\":{\\"width\\":120,\\"height\\":82,\\"master\\":1}}"'),
('73dc55f057390128c9d3c54c95224a00', '"{\\"0\\":1358174680,\\"1\\":\\"\\\\\\/home\\\\\\/e\\\\\\/eaccent\\\\\\/public_html\\\\\\/upload\\\\\\/gallery\\\\\\/IMG_4751.JPG\\",\\"resize\\":{\\"width\\":540,\\"height\\":361,\\"master\\":1}}"'),
('48b6553b28fef56a9e9c4a9cdae1224e', '"{\\"0\\":1358174680,\\"1\\":\\"\\\\\\/home\\\\\\/e\\\\\\/eaccent\\\\\\/public_html\\\\\\/upload\\\\\\/gallery\\\\\\/IMG_4751.JPG\\",\\"resize\\":{\\"width\\":120,\\"height\\":82,\\"master\\":1}}"'),
('e7b5b0fc0c8ba2e3100d05bc1ebb0751', '"{\\"0\\":1358174680,\\"1\\":\\"\\\\\\/home\\\\\\/e\\\\\\/eaccent\\\\\\/public_html\\\\\\/upload\\\\\\/gallery\\\\\\/IMG_4796.JPG\\",\\"resize\\":{\\"width\\":540,\\"height\\":361,\\"master\\":1}}"'),
('2a294ade19b19a409ba4333d9e3b8522', '"{\\"0\\":1358174680,\\"1\\":\\"\\\\\\/home\\\\\\/e\\\\\\/eaccent\\\\\\/public_html\\\\\\/upload\\\\\\/gallery\\\\\\/IMG_4796.JPG\\",\\"resize\\":{\\"width\\":120,\\"height\\":82,\\"master\\":1}}"'),
('1375eb8ae59f803ca6997ce71da8bdcf', '"{\\"0\\":1358174680,\\"1\\":\\"\\\\\\/home\\\\\\/e\\\\\\/eaccent\\\\\\/public_html\\\\\\/upload\\\\\\/gallery\\\\\\/IMG_4803.JPG\\",\\"resize\\":{\\"width\\":540,\\"height\\":361,\\"master\\":1}}"'),
('5965fb76b2ea456f2a127e37c96bfe78', '"{\\"0\\":1358174680,\\"1\\":\\"\\\\\\/home\\\\\\/e\\\\\\/eaccent\\\\\\/public_html\\\\\\/upload\\\\\\/gallery\\\\\\/IMG_4803.JPG\\",\\"resize\\":{\\"width\\":120,\\"height\\":82,\\"master\\":1}}"'),
('5aeacc6c929b90e3fe89e522622e4409', '"{\\"0\\":1358174680,\\"1\\":\\"\\\\\\/home\\\\\\/e\\\\\\/eaccent\\\\\\/public_html\\\\\\/upload\\\\\\/gallery\\\\\\/IMG_4829.JPG\\",\\"resize\\":{\\"width\\":540,\\"height\\":361,\\"master\\":1}}"'),
('0e144fcc71a1c828e0650385b3e0aabf', '"{\\"0\\":1358174680,\\"1\\":\\"\\\\\\/home\\\\\\/e\\\\\\/eaccent\\\\\\/public_html\\\\\\/upload\\\\\\/gallery\\\\\\/IMG_4829.JPG\\",\\"resize\\":{\\"width\\":120,\\"height\\":82,\\"master\\":1}}"'),
('b6632730774a2920ec3f0e3cf4a6671e', '"{\\"0\\":1358174680,\\"1\\":\\"\\\\\\/home\\\\\\/e\\\\\\/eaccent\\\\\\/public_html\\\\\\/upload\\\\\\/gallery\\\\\\/IMG_4892.JPG\\",\\"resize\\":{\\"width\\":540,\\"height\\":361,\\"master\\":1}}"'),
('e62ce05d5be56d3198b682529912916b', '"{\\"0\\":1358174680,\\"1\\":\\"\\\\\\/home\\\\\\/e\\\\\\/eaccent\\\\\\/public_html\\\\\\/upload\\\\\\/gallery\\\\\\/IMG_4892.JPG\\",\\"resize\\":{\\"width\\":120,\\"height\\":82,\\"master\\":1}}"'),
('1bea2dd4968ddb56e83f1ccb1215bb37', '"{\\"0\\":1358174744,\\"1\\":\\"\\\\\\/home\\\\\\/e\\\\\\/eaccent\\\\\\/public_html\\\\\\/upload\\\\\\/gallery\\\\\\/DSCN6117.JPG\\",\\"resize\\":{\\"width\\":540,\\"height\\":361,\\"master\\":1}}"'),
('e5a0360cbc8b510b42ea7fc6eeffb62c', '"{\\"0\\":1358174744,\\"1\\":\\"\\\\\\/home\\\\\\/e\\\\\\/eaccent\\\\\\/public_html\\\\\\/upload\\\\\\/gallery\\\\\\/DSCN6117.JPG\\",\\"resize\\":{\\"width\\":120,\\"height\\":82,\\"master\\":1}}"'),
('8ccf76a87e4427e1f442f06ce6d97edd', '"{\\"0\\":1358174744,\\"1\\":\\"\\\\\\/home\\\\\\/e\\\\\\/eaccent\\\\\\/public_html\\\\\\/upload\\\\\\/gallery\\\\\\/IMG_4955.JPG\\",\\"resize\\":{\\"width\\":540,\\"height\\":361,\\"master\\":1}}"'),
('4ff3ea36c96e10c95d557f5565bf64f9', '"{\\"0\\":1358174744,\\"1\\":\\"\\\\\\/home\\\\\\/e\\\\\\/eaccent\\\\\\/public_html\\\\\\/upload\\\\\\/gallery\\\\\\/IMG_4955.JPG\\",\\"resize\\":{\\"width\\":120,\\"height\\":82,\\"master\\":1}}"'),
('800e6d669e02bd3ba81e9a0d90f47988', '"{\\"0\\":1358174744,\\"1\\":\\"\\\\\\/home\\\\\\/e\\\\\\/eaccent\\\\\\/public_html\\\\\\/upload\\\\\\/gallery\\\\\\/IMG_4968.JPG\\",\\"resize\\":{\\"width\\":540,\\"height\\":361,\\"master\\":1}}"'),
('634621c938158caf2abb48075faca356', '"{\\"0\\":1358174744,\\"1\\":\\"\\\\\\/home\\\\\\/e\\\\\\/eaccent\\\\\\/public_html\\\\\\/upload\\\\\\/gallery\\\\\\/IMG_4968.JPG\\",\\"resize\\":{\\"width\\":120,\\"height\\":82,\\"master\\":1}}"'),
('9058a02387b3de691eb485d538a8450e', '"{\\"0\\":1358174744,\\"1\\":\\"\\\\\\/home\\\\\\/e\\\\\\/eaccent\\\\\\/public_html\\\\\\/upload\\\\\\/gallery\\\\\\/IMG_4988.JPG\\",\\"resize\\":{\\"width\\":540,\\"height\\":361,\\"master\\":1}}"'),
('c0e2368900022b4fa9a078aaa7213a6e', '"{\\"0\\":1358174744,\\"1\\":\\"\\\\\\/home\\\\\\/e\\\\\\/eaccent\\\\\\/public_html\\\\\\/upload\\\\\\/gallery\\\\\\/IMG_4988.JPG\\",\\"resize\\":{\\"width\\":120,\\"height\\":82,\\"master\\":1}}"'),
('ab7010257f19f6e99336c32c7faa1455', '"{\\"0\\":1358174744,\\"1\\":\\"\\\\\\/home\\\\\\/e\\\\\\/eaccent\\\\\\/public_html\\\\\\/upload\\\\\\/gallery\\\\\\/IMG_5059.JPG\\",\\"resize\\":{\\"width\\":540,\\"height\\":361,\\"master\\":1}}"'),
('bfbd0e50b790c0d6a725e6ad70808e74', '"{\\"0\\":1358174744,\\"1\\":\\"\\\\\\/home\\\\\\/e\\\\\\/eaccent\\\\\\/public_html\\\\\\/upload\\\\\\/gallery\\\\\\/IMG_5059.JPG\\",\\"resize\\":{\\"width\\":120,\\"height\\":82,\\"master\\":1}}"'),
('bb59faa12ca495dbefa78572fb2ffcc0', '"{\\"0\\":1358174744,\\"1\\":\\"\\\\\\/home\\\\\\/e\\\\\\/eaccent\\\\\\/public_html\\\\\\/upload\\\\\\/gallery\\\\\\/IMG_5065.JPG\\",\\"resize\\":{\\"width\\":540,\\"height\\":361,\\"master\\":1}}"'),
('b56dc2fdf01cf425845eb7446f216aa3', '"{\\"0\\":1358174744,\\"1\\":\\"\\\\\\/home\\\\\\/e\\\\\\/eaccent\\\\\\/public_html\\\\\\/upload\\\\\\/gallery\\\\\\/IMG_5065.JPG\\",\\"resize\\":{\\"width\\":120,\\"height\\":82,\\"master\\":1}}"'),
('cea42d228ae37916f9bcb47c459c4793', '"{\\"0\\":1358174744,\\"1\\":\\"\\\\\\/home\\\\\\/e\\\\\\/eaccent\\\\\\/public_html\\\\\\/upload\\\\\\/gallery\\\\\\/IMG_5083.JPG\\",\\"resize\\":{\\"width\\":540,\\"height\\":361,\\"master\\":1}}"'),
('118f90556fb6b6e2a293364506678dbd', '"{\\"0\\":1358174744,\\"1\\":\\"\\\\\\/home\\\\\\/e\\\\\\/eaccent\\\\\\/public_html\\\\\\/upload\\\\\\/gallery\\\\\\/IMG_5083.JPG\\",\\"resize\\":{\\"width\\":120,\\"height\\":82,\\"master\\":1}}"'),
('230e1f1cf9f605202360a89e6faff8ea', '"{\\"0\\":1358174744,\\"1\\":\\"\\\\\\/home\\\\\\/e\\\\\\/eaccent\\\\\\/public_html\\\\\\/upload\\\\\\/gallery\\\\\\/P1020835.JPG\\",\\"resize\\":{\\"width\\":540,\\"height\\":361,\\"master\\":1}}"'),
('fecb986ed6f95b61a97f92999e003689', '"{\\"0\\":1358174744,\\"1\\":\\"\\\\\\/home\\\\\\/e\\\\\\/eaccent\\\\\\/public_html\\\\\\/upload\\\\\\/gallery\\\\\\/P1020835.JPG\\",\\"resize\\":{\\"width\\":120,\\"height\\":82,\\"master\\":1}}"'),
('39321780493781af51d543c88353c713', '"{\\"0\\":1358174744,\\"1\\":\\"\\\\\\/home\\\\\\/e\\\\\\/eaccent\\\\\\/public_html\\\\\\/upload\\\\\\/gallery\\\\\\/P1020836.JPG\\",\\"resize\\":{\\"width\\":540,\\"height\\":361,\\"master\\":1}}"'),
('59905783432fa133ac9fa56f14961000', '"{\\"0\\":1358174744,\\"1\\":\\"\\\\\\/home\\\\\\/e\\\\\\/eaccent\\\\\\/public_html\\\\\\/upload\\\\\\/gallery\\\\\\/P1020836.JPG\\",\\"resize\\":{\\"width\\":120,\\"height\\":82,\\"master\\":1}}"'),
('faea4768eb21a55672b6cc73489d51bd', '"{\\"0\\":1358174744,\\"1\\":\\"\\\\\\/home\\\\\\/e\\\\\\/eaccent\\\\\\/public_html\\\\\\/upload\\\\\\/gallery\\\\\\/P1020895.JPG\\",\\"resize\\":{\\"width\\":540,\\"height\\":361,\\"master\\":1}}"'),
('900184edb5f202d4862eb6ea3f6fb641', '"{\\"0\\":1358174744,\\"1\\":\\"\\\\\\/home\\\\\\/e\\\\\\/eaccent\\\\\\/public_html\\\\\\/upload\\\\\\/gallery\\\\\\/P1020895.JPG\\",\\"resize\\":{\\"width\\":120,\\"height\\":82,\\"master\\":1}}"'),
('51a8b8cc775d73a339cfc94fd12b090a', '"{\\"0\\":1358174894,\\"1\\":\\"\\\\\\/home\\\\\\/e\\\\\\/eaccent\\\\\\/public_html\\\\\\/upload\\\\\\/gallery\\\\\\/DSC01369.JPG\\",\\"resize\\":{\\"width\\":540,\\"height\\":361,\\"master\\":1}}"'),
('b72f5a1cb3ef4793272e41ef2b863a02', '"{\\"0\\":1358174894,\\"1\\":\\"\\\\\\/home\\\\\\/e\\\\\\/eaccent\\\\\\/public_html\\\\\\/upload\\\\\\/gallery\\\\\\/DSC01369.JPG\\",\\"resize\\":{\\"width\\":120,\\"height\\":82,\\"master\\":1}}"'),
('1f72f4e6a636f412308965269cd5f751', '"{\\"0\\":1358174895,\\"1\\":\\"\\\\\\/home\\\\\\/e\\\\\\/eaccent\\\\\\/public_html\\\\\\/upload\\\\\\/gallery\\\\\\/DSC01385.JPG\\",\\"resize\\":{\\"width\\":540,\\"height\\":361,\\"master\\":1}}"'),
('acb4c148dff86e52cb68112fad5411a9', '"{\\"0\\":1358174895,\\"1\\":\\"\\\\\\/home\\\\\\/e\\\\\\/eaccent\\\\\\/public_html\\\\\\/upload\\\\\\/gallery\\\\\\/DSC01385.JPG\\",\\"resize\\":{\\"width\\":120,\\"height\\":82,\\"master\\":1}}"'),
('ceca18b1c6cd9085d53fbefbd5870129', '"{\\"0\\":1358174895,\\"1\\":\\"\\\\\\/home\\\\\\/e\\\\\\/eaccent\\\\\\/public_html\\\\\\/upload\\\\\\/gallery\\\\\\/DSC01396.JPG\\",\\"resize\\":{\\"width\\":540,\\"height\\":361,\\"master\\":1}}"'),
('fcfdc12a669c5e13efb8d9205f29248d', '"{\\"0\\":1358174895,\\"1\\":\\"\\\\\\/home\\\\\\/e\\\\\\/eaccent\\\\\\/public_html\\\\\\/upload\\\\\\/gallery\\\\\\/DSC01396.JPG\\",\\"resize\\":{\\"width\\":120,\\"height\\":82,\\"master\\":1}}"'),
('8d8ec716762e1251fe13e52722a64694', '"{\\"0\\":1358174895,\\"1\\":\\"\\\\\\/home\\\\\\/e\\\\\\/eaccent\\\\\\/public_html\\\\\\/upload\\\\\\/gallery\\\\\\/DSC01408.JPG\\",\\"resize\\":{\\"width\\":540,\\"height\\":361,\\"master\\":1}}"'),
('a60bc8d51064a4d84bb5a5efbea5d7fb', '"{\\"0\\":1358174895,\\"1\\":\\"\\\\\\/home\\\\\\/e\\\\\\/eaccent\\\\\\/public_html\\\\\\/upload\\\\\\/gallery\\\\\\/DSC01408.JPG\\",\\"resize\\":{\\"width\\":120,\\"height\\":82,\\"master\\":1}}"'),
('b7865db01bec0c7900431c4085ad03a4', '"{\\"0\\":1358174895,\\"1\\":\\"\\\\\\/home\\\\\\/e\\\\\\/eaccent\\\\\\/public_html\\\\\\/upload\\\\\\/gallery\\\\\\/DSC01421.JPG\\",\\"resize\\":{\\"width\\":540,\\"height\\":361,\\"master\\":1}}"'),
('003b032286471b431e282a10296acad9', '"{\\"0\\":1358174895,\\"1\\":\\"\\\\\\/home\\\\\\/e\\\\\\/eaccent\\\\\\/public_html\\\\\\/upload\\\\\\/gallery\\\\\\/DSC01421.JPG\\",\\"resize\\":{\\"width\\":120,\\"height\\":82,\\"master\\":1}}"'),
('ea92b8c76555d1fc8283b6b8f0947ee8', '"{\\"0\\":1358174895,\\"1\\":\\"\\\\\\/home\\\\\\/e\\\\\\/eaccent\\\\\\/public_html\\\\\\/upload\\\\\\/gallery\\\\\\/IMG_5098.JPG\\",\\"resize\\":{\\"width\\":540,\\"height\\":361,\\"master\\":1}}"'),
('2df5cb27a8431288b41146117d951ea5', '"{\\"0\\":1358174895,\\"1\\":\\"\\\\\\/home\\\\\\/e\\\\\\/eaccent\\\\\\/public_html\\\\\\/upload\\\\\\/gallery\\\\\\/IMG_5098.JPG\\",\\"resize\\":{\\"width\\":120,\\"height\\":82,\\"master\\":1}}"'),
('2ba0f40d7d9bed39eaf8f35a8f959463', '"{\\"0\\":1358174895,\\"1\\":\\"\\\\\\/home\\\\\\/e\\\\\\/eaccent\\\\\\/public_html\\\\\\/upload\\\\\\/gallery\\\\\\/IMG_5100.JPG\\",\\"resize\\":{\\"width\\":540,\\"height\\":361,\\"master\\":1}}"'),
('a33c771f524f70f075671b21118ec313', '"{\\"0\\":1358174895,\\"1\\":\\"\\\\\\/home\\\\\\/e\\\\\\/eaccent\\\\\\/public_html\\\\\\/upload\\\\\\/gallery\\\\\\/IMG_5100.JPG\\",\\"resize\\":{\\"width\\":120,\\"height\\":82,\\"master\\":1}}"'),
('e618b4b91354ef4da750d92ef2d1b79e', '"{\\"0\\":1358174895,\\"1\\":\\"\\\\\\/home\\\\\\/e\\\\\\/eaccent\\\\\\/public_html\\\\\\/upload\\\\\\/gallery\\\\\\/IMG_5127.JPG\\",\\"resize\\":{\\"width\\":540,\\"height\\":361,\\"master\\":1}}"'),
('81817d9210122d62380b1892d49a377c', '"{\\"0\\":1358174895,\\"1\\":\\"\\\\\\/home\\\\\\/e\\\\\\/eaccent\\\\\\/public_html\\\\\\/upload\\\\\\/gallery\\\\\\/IMG_5127.JPG\\",\\"resize\\":{\\"width\\":120,\\"height\\":82,\\"master\\":1}}"'),
('2fe3bcf1e01f37a85211efcc1e3c2115', '"{\\"0\\":1358174895,\\"1\\":\\"\\\\\\/home\\\\\\/e\\\\\\/eaccent\\\\\\/public_html\\\\\\/upload\\\\\\/gallery\\\\\\/IMG_5131.JPG\\",\\"resize\\":{\\"width\\":540,\\"height\\":361,\\"master\\":1}}"'),
('53ee4a51e636c30ec2592b9dc90b3941', '"{\\"0\\":1358174895,\\"1\\":\\"\\\\\\/home\\\\\\/e\\\\\\/eaccent\\\\\\/public_html\\\\\\/upload\\\\\\/gallery\\\\\\/IMG_5131.JPG\\",\\"resize\\":{\\"width\\":120,\\"height\\":82,\\"master\\":1}}"'),
('6ed0887c82a1bc08d3f6cd90546a8c82', '"{\\"0\\":1358174895,\\"1\\":\\"\\\\\\/home\\\\\\/e\\\\\\/eaccent\\\\\\/public_html\\\\\\/upload\\\\\\/gallery\\\\\\/IMG_5136.JPG\\",\\"resize\\":{\\"width\\":540,\\"height\\":361,\\"master\\":1}}"'),
('435e3af3591f80db2e6aebf888929408', '"{\\"0\\":1358174895,\\"1\\":\\"\\\\\\/home\\\\\\/e\\\\\\/eaccent\\\\\\/public_html\\\\\\/upload\\\\\\/gallery\\\\\\/IMG_5136.JPG\\",\\"resize\\":{\\"width\\":120,\\"height\\":82,\\"master\\":1}}"'),
('062c0b25c8977d43fe488f405115f50f', '"{\\"0\\":1358174895,\\"1\\":\\"\\\\\\/home\\\\\\/e\\\\\\/eaccent\\\\\\/public_html\\\\\\/upload\\\\\\/gallery\\\\\\/IMG_5194.JPG\\",\\"resize\\":{\\"width\\":540,\\"height\\":361,\\"master\\":1}}"'),
('809554a43950ad6a405eef6485c42c2c', '"{\\"0\\":1358174895,\\"1\\":\\"\\\\\\/home\\\\\\/e\\\\\\/eaccent\\\\\\/public_html\\\\\\/upload\\\\\\/gallery\\\\\\/IMG_5194.JPG\\",\\"resize\\":{\\"width\\":120,\\"height\\":82,\\"master\\":1}}"'),
('6faddce9a98611fa7427445da7c74e7b', '"{\\"0\\":1358174895,\\"1\\":\\"\\\\\\/home\\\\\\/e\\\\\\/eaccent\\\\\\/public_html\\\\\\/upload\\\\\\/gallery\\\\\\/IMG_5252.JPG\\",\\"resize\\":{\\"width\\":540,\\"height\\":361,\\"master\\":1}}"'),
('ceaef749c04dd78c82275777d58eb4cb', '"{\\"0\\":1358174895,\\"1\\":\\"\\\\\\/home\\\\\\/e\\\\\\/eaccent\\\\\\/public_html\\\\\\/upload\\\\\\/gallery\\\\\\/IMG_5252.JPG\\",\\"resize\\":{\\"width\\":120,\\"height\\":82,\\"master\\":1}}"');


CREATE TABLE `gallery_video` (
  `id` int(11) NOT NULL AUTO_INCREMENT,
  `date` date DEFAULT NULL,
  `name` varchar(255) DEFAULT NULL,
  PRIMARY KEY (`id`)
) ENGINE=MyISAM  DEFAULT CHARSET=utf8;

CREATE TABLE `video` (
  `id` int(11) NOT NULL AUTO_INCREMENT,
  `gallery_video_id` int(11) NOT NULL,
  `file_name` varchar(128) NOT NULL DEFAULT '',
  PRIMARY KEY (`id`),
  KEY `fk_gallery_video_gallery1` (`gallery_video_id`)
) ENGINE=MyISAM  DEFAULT CHARSET=utf8;